CREATE DATABASE OOMSDB
GO
USE [OOMSDB]
GO
/****** Object:  Table [dbo].[OrderCustomizationCriteria]    Script Date: 2019-04-07 11:05:09 AM ******/
SET ANSI_NULLS ON
GO
SET QUOTED_IDENTIFIER ON
GO
CREATE TABLE [dbo].[OrderCustomizationCriteria](
	[id] [int] NOT NULL,
	[product_id] [int] NOT NULL,
	[customization_name] [nvarchar](50) NOT NULL,
	[customization_value] [nvarchar](50) NOT NULL,
	[price] [money] NOT NULL,
 CONSTRAINT [PK_OrderCustomizationCriteria] PRIMARY KEY CLUSTERED 
(
	[id] ASC
)WITH (PAD_INDEX = OFF, STATISTICS_NORECOMPUTE = OFF, IGNORE_DUP_KEY = OFF, ALLOW_ROW_LOCKS = ON, ALLOW_PAGE_LOCKS = ON) ON [PRIMARY]
) ON [PRIMARY]
GO
/****** Object:  Table [dbo].[OrderLineCustomization]    Script Date: 2019-04-07 11:05:10 AM ******/
SET ANSI_NULLS ON
GO
SET QUOTED_IDENTIFIER ON
GO
CREATE TABLE [dbo].[OrderLineCustomization](
	[id] [int] NOT NULL,
	[criteria_id] [int] NOT NULL,
	[orderline_id] [int] NOT NULL,
 CONSTRAINT [PK_OrderLineCustomization] PRIMARY KEY CLUSTERED 
(
	[id] ASC
)WITH (PAD_INDEX = OFF, STATISTICS_NORECOMPUTE = OFF, IGNORE_DUP_KEY = OFF, ALLOW_ROW_LOCKS = ON, ALLOW_PAGE_LOCKS = ON) ON [PRIMARY]
) ON [PRIMARY]
GO
/****** Object:  View [dbo].[v_OrderLineCustomizationPrice]    Script Date: 2019-04-07 11:05:10 AM ******/
SET ANSI_NULLS ON
GO
SET QUOTED_IDENTIFIER ON
GO
 CREATE VIEW [dbo].[v_OrderLineCustomizationPrice]
 AS
 SELECT price, olc.orderline_id FROM OrderLineCustomization olc JOIN OrderCustomizationCriteria olcc 
on olc.criteria_id = olcc.id
GO
/****** Object:  Table [dbo].[OrderLine]    Script Date: 2019-04-07 11:05:10 AM ******/
SET ANSI_NULLS ON
GO
SET QUOTED_IDENTIFIER ON
GO
CREATE TABLE [dbo].[OrderLine](
	[id] [int] NOT NULL,
	[product_id] [int] NOT NULL,
	[quantity] [int] NOT NULL,
	[gift_wrap] [bit] NOT NULL,
	[order_id] [int] NOT NULL,
	[details] [ntext] NULL,
 CONSTRAINT [PK_OrderLine] PRIMARY KEY CLUSTERED 
(
	[id] ASC
)WITH (PAD_INDEX = OFF, STATISTICS_NORECOMPUTE = OFF, IGNORE_DUP_KEY = OFF, ALLOW_ROW_LOCKS = ON, ALLOW_PAGE_LOCKS = ON) ON [PRIMARY]
) ON [PRIMARY] TEXTIMAGE_ON [PRIMARY]
GO
/****** Object:  Table [dbo].[Product]    Script Date: 2019-04-07 11:05:10 AM ******/
SET ANSI_NULLS ON
GO
SET QUOTED_IDENTIFIER ON
GO
CREATE TABLE [dbo].[Product](
	[id] [int] NOT NULL,
	[title] [nvarchar](50) NOT NULL,
	[image] [image] NOT NULL,
	[price] [money] NOT NULL,
	[availability] [bit] NOT NULL,
	[eta] [int] NOT NULL,
 CONSTRAINT [PK_Product] PRIMARY KEY CLUSTERED 
(
	[id] ASC
)WITH (PAD_INDEX = OFF, STATISTICS_NORECOMPUTE = OFF, IGNORE_DUP_KEY = OFF, ALLOW_ROW_LOCKS = ON, ALLOW_PAGE_LOCKS = ON) ON [PRIMARY]
) ON [PRIMARY] TEXTIMAGE_ON [PRIMARY]
GO
/****** Object:  View [dbo].[v_ProductQuatitySold]    Script Date: 2019-04-07 11:05:10 AM ******/
SET ANSI_NULLS ON
GO
SET QUOTED_IDENTIFIER ON
GO
CREATE VIEW [dbo].[v_ProductQuatitySold]
AS

SELECT (SELECT title from Product where id = p.id) AS Product, p.id, SUM(quantity) AS Quantity FROM Product p JOIN OrderLine ol 
ON p.id = ol.product_id group by p.id
GO
/****** Object:  Table [dbo].[Customer]    Script Date: 2019-04-07 11:05:10 AM ******/
SET ANSI_NULLS ON
GO
SET QUOTED_IDENTIFIER ON
GO
CREATE TABLE [dbo].[Customer](
	[id] [int] NOT NULL,
	[fname] [nvarchar](50) NOT NULL,
	[lname] [nvarchar](50) NOT NULL,
	[image] [image] NOT NULL,
	[email] [nvarchar](50) NOT NULL,
	[phone] [bigint] NULL,
	[address] [ntext] NOT NULL,
 CONSTRAINT [PK_Customer] PRIMARY KEY CLUSTERED 
(
	[id] ASC
)WITH (PAD_INDEX = OFF, STATISTICS_NORECOMPUTE = OFF, IGNORE_DUP_KEY = OFF, ALLOW_ROW_LOCKS = ON, ALLOW_PAGE_LOCKS = ON) ON [PRIMARY]
) ON [PRIMARY] TEXTIMAGE_ON [PRIMARY]
GO
/****** Object:  Table [dbo].[Employee]    Script Date: 2019-04-07 11:05:10 AM ******/
SET ANSI_NULLS ON
GO
SET QUOTED_IDENTIFIER ON
GO
CREATE TABLE [dbo].[Employee](
	[id] [int] NOT NULL,
	[fname] [nvarchar](50) NOT NULL,
	[lname] [nvarchar](50) NOT NULL,
	[image] [image] NOT NULL,
	[email] [nvarchar](50) NOT NULL,
	[phone] [bigint] NULL,
	[address] [ntext] NOT NULL,
	[job_id] [int] NOT NULL,
 CONSTRAINT [PK_Employee] PRIMARY KEY CLUSTERED 
(
	[id] ASC
)WITH (PAD_INDEX = OFF, STATISTICS_NORECOMPUTE = OFF, IGNORE_DUP_KEY = OFF, ALLOW_ROW_LOCKS = ON, ALLOW_PAGE_LOCKS = ON) ON [PRIMARY]
) ON [PRIMARY] TEXTIMAGE_ON [PRIMARY]
GO
/****** Object:  Table [dbo].[Feedback]    Script Date: 2019-04-07 11:05:10 AM ******/
SET ANSI_NULLS ON
GO
SET QUOTED_IDENTIFIER ON
GO
CREATE TABLE [dbo].[Feedback](
	[Id] [int] NOT NULL,
	[order_line_id] [int] NOT NULL,
	[customer_id] [int] NOT NULL,
	[feedback_text] [ntext] NOT NULL,
	[rating] [int] NOT NULL,
 CONSTRAINT [PK_Feedback] PRIMARY KEY CLUSTERED 
(
	[Id] ASC
)WITH (PAD_INDEX = OFF, STATISTICS_NORECOMPUTE = OFF, IGNORE_DUP_KEY = OFF, ALLOW_ROW_LOCKS = ON, ALLOW_PAGE_LOCKS = ON) ON [PRIMARY]
) ON [PRIMARY] TEXTIMAGE_ON [PRIMARY]
GO
/****** Object:  Table [dbo].[JobRole]    Script Date: 2019-04-07 11:05:10 AM ******/
SET ANSI_NULLS ON
GO
SET QUOTED_IDENTIFIER ON
GO
CREATE TABLE [dbo].[JobRole](
	[id] [int] NOT NULL,
	[title] [nvarchar](50) NOT NULL,
	[responsibilities] [ntext] NOT NULL,
 CONSTRAINT [PK_JobRole] PRIMARY KEY CLUSTERED 
(
	[id] ASC
)WITH (PAD_INDEX = OFF, STATISTICS_NORECOMPUTE = OFF, IGNORE_DUP_KEY = OFF, ALLOW_ROW_LOCKS = ON, ALLOW_PAGE_LOCKS = ON) ON [PRIMARY]
) ON [PRIMARY] TEXTIMAGE_ON [PRIMARY]
GO
/****** Object:  Table [dbo].[Order]    Script Date: 2019-04-07 11:05:10 AM ******/
SET ANSI_NULLS ON
GO
SET QUOTED_IDENTIFIER ON
GO
CREATE TABLE [dbo].[Order](
	[id] [int] NOT NULL,
	[customer_id] [int] NOT NULL,
	[order_date] [datetime] NOT NULL,
	[delivery_date] [datetime] NOT NULL,
	[delivery_address] [ntext] NOT NULL,
	[order_type] [nvarchar](50) NULL,
 CONSTRAINT [PK_Order] PRIMARY KEY CLUSTERED 
(
	[id] ASC
)WITH (PAD_INDEX = OFF, STATISTICS_NORECOMPUTE = OFF, IGNORE_DUP_KEY = OFF, ALLOW_ROW_LOCKS = ON, ALLOW_PAGE_LOCKS = ON) ON [PRIMARY]
) ON [PRIMARY] TEXTIMAGE_ON [PRIMARY]
GO
/****** Object:  Table [dbo].[OrderStatus]    Script Date: 2019-04-07 11:05:10 AM ******/
SET ANSI_NULLS ON
GO
SET QUOTED_IDENTIFIER ON
GO
CREATE TABLE [dbo].[OrderStatus](
	[id] [int] NOT NULL,
	[order_id] [int] NOT NULL,
	[status] [nvarchar](50) NOT NULL,
	[updated_at] [datetime] NOT NULL,
	[updated_by] [int] NOT NULL,
 CONSTRAINT [PK_OrderStatus] PRIMARY KEY CLUSTERED 
(
	[id] ASC
)WITH (PAD_INDEX = OFF, STATISTICS_NORECOMPUTE = OFF, IGNORE_DUP_KEY = OFF, ALLOW_ROW_LOCKS = ON, ALLOW_PAGE_LOCKS = ON) ON [PRIMARY]
) ON [PRIMARY]
GO
SET ANSI_PADDING ON
GO
/****** Object:  Index [UQ_Employee]    Script Date: 2019-04-07 11:05:10 AM ******/
CREATE UNIQUE NONCLUSTERED INDEX [UQ_Employee] ON [dbo].[Employee]
(
	[email] ASC
)WITH (PAD_INDEX = OFF, STATISTICS_NORECOMPUTE = OFF, SORT_IN_TEMPDB = OFF, IGNORE_DUP_KEY = OFF, DROP_EXISTING = OFF, ONLINE = OFF, ALLOW_ROW_LOCKS = ON, ALLOW_PAGE_LOCKS = ON) ON [PRIMARY]
GO
ALTER TABLE [dbo].[Employee]  WITH CHECK ADD  CONSTRAINT [FK_Employee_JobRole] FOREIGN KEY([job_id])
REFERENCES [dbo].[JobRole] ([id])
GO
ALTER TABLE [dbo].[Employee] CHECK CONSTRAINT [FK_Employee_JobRole]
GO
ALTER TABLE [dbo].[Feedback]  WITH CHECK ADD  CONSTRAINT [FK_Feedback_Customer] FOREIGN KEY([customer_id])
REFERENCES [dbo].[Customer] ([id])
GO
ALTER TABLE [dbo].[Feedback] CHECK CONSTRAINT [FK_Feedback_Customer]
GO
ALTER TABLE [dbo].[Feedback]  WITH CHECK ADD  CONSTRAINT [FK_Feedback_OrderLine] FOREIGN KEY([order_line_id])
REFERENCES [dbo].[OrderLine] ([id])
GO
ALTER TABLE [dbo].[Feedback] CHECK CONSTRAINT [FK_Feedback_OrderLine]
GO
ALTER TABLE [dbo].[Order]  WITH CHECK ADD  CONSTRAINT [FK_Order_Customer] FOREIGN KEY([customer_id])
REFERENCES [dbo].[Customer] ([id])
GO
ALTER TABLE [dbo].[Order] CHECK CONSTRAINT [FK_Order_Customer]
GO
ALTER TABLE [dbo].[OrderCustomizationCriteria]  WITH CHECK ADD  CONSTRAINT [FK_OrderCustomizationCriteria_Product] FOREIGN KEY([product_id])
REFERENCES [dbo].[Product] ([id])
GO
ALTER TABLE [dbo].[OrderCustomizationCriteria] CHECK CONSTRAINT [FK_OrderCustomizationCriteria_Product]
GO
ALTER TABLE [dbo].[OrderLine]  WITH CHECK ADD  CONSTRAINT [FK_OrderLine_Order] FOREIGN KEY([order_id])
REFERENCES [dbo].[Order] ([id])
GO
ALTER TABLE [dbo].[OrderLine] CHECK CONSTRAINT [FK_OrderLine_Order]
GO
ALTER TABLE [dbo].[OrderLine]  WITH CHECK ADD  CONSTRAINT [FK_OrderLine_Product] FOREIGN KEY([product_id])
REFERENCES [dbo].[Product] ([id])
GO
ALTER TABLE [dbo].[OrderLine] CHECK CONSTRAINT [FK_OrderLine_Product]
GO
ALTER TABLE [dbo].[OrderLineCustomization]  WITH CHECK ADD  CONSTRAINT [FK_OrderLineCustomization_OrderCustomizationCriteria] FOREIGN KEY([criteria_id])
REFERENCES [dbo].[OrderCustomizationCriteria] ([id])
GO
ALTER TABLE [dbo].[OrderLineCustomization] CHECK CONSTRAINT [FK_OrderLineCustomization_OrderCustomizationCriteria]
GO
ALTER TABLE [dbo].[OrderLineCustomization]  WITH CHECK ADD  CONSTRAINT [FK_OrderLineCustomization_OrderLine] FOREIGN KEY([orderline_id])
REFERENCES [dbo].[OrderLine] ([id])
GO
ALTER TABLE [dbo].[OrderLineCustomization] CHECK CONSTRAINT [FK_OrderLineCustomization_OrderLine]
GO
ALTER TABLE [dbo].[OrderStatus]  WITH CHECK ADD  CONSTRAINT [FK_OrderStatus_Employee] FOREIGN KEY([updated_by])
REFERENCES [dbo].[Employee] ([id])
GO
ALTER TABLE [dbo].[OrderStatus] CHECK CONSTRAINT [FK_OrderStatus_Employee]
GO
ALTER TABLE [dbo].[OrderStatus]  WITH CHECK ADD  CONSTRAINT [FK_OrderStatus_Order] FOREIGN KEY([order_id])
REFERENCES [dbo].[Order] ([id])
GO
ALTER TABLE [dbo].[OrderStatus] CHECK CONSTRAINT [FK_OrderStatus_Order]
GO
/****** Object:  StoredProcedure [dbo].[insertCustomerData]    Script Date: 2019-04-07 11:05:10 AM ******/
SET ANSI_NULLS ON
GO
SET QUOTED_IDENTIFIER ON
GO
create procedure [dbo].[insertCustomerData]
AS

insert into Customer 
 (id, fname, lname, image, email, phone, address) values (1, 'Isabelle', 'Caser', 'data:image/pngbase64,iVBORw0KGgoAAAANSUhEUgAAABAAAAAQCAYAAAAf8/9hAAAABGdBTUEAAK/INwWK6QAAABl0RVh0U29mdHdhcmUAQWRvYmUgSW1hZ2VSZWFkeXHJZTwAAAMvSURBVDjLXZNtSFNRGMcvgQQRfYsoCD/0waI3ikqzIoTojV6IgiwrtBejzGRlVGi1QaHZamZpaaalNnPWyjmNlrZ11dnyZc6luWauXNmWm267zvT68u+cSy3rwO/e5z7n+f/Puc+9hwHADFQwkwhigonwjjCZ5idCcjN+zxsIIX/yTL+SCSKkDTREfeVdWngb9jkNqq21iVW8juD+je6tagfrMx5zDbYnu0m9gTBbMHAWM0lew/5vw44K9NbH9DcqwrnUWhduNzhxv+W7AI1vsF1oUSz1e8wSP9dy+gfRNRGCGPsD5oLPlOx21MT064vCRzLqu1Fi6oGc/YwsZRsyStvwoLoLcuNX5L3R4oNqw9igvXTU8XyehWhDmE/ZzJqOnCmWutxF/jRtF4oN3VBqbei0e+Hycuj1DsDS7UWhphN5NTaUlElhkocNtedMaybaEKERiffLr519akZOrQ0KshodfR4PPn77jp8kpnDjwF11J7J0VlxUsDier78i9IBeorKbdGeemHH3hQXtZGX/yDg4vx+ZeflwEiPf0BCevnwN9qMHKYpW0FqqCRjsSmfdInkzrj4ywTnIo29oDMNk4rxYgiJlGc5ekkCjN8Ds4XEqywBaSzUBg20pL9yxuQaI843o5nhiMga7x4fL0uuCmDW2oncEaHTxiE+vB62lmoDBxotPdJEyLSSFTXhj9aCHvLTdx6NSV4cutxeOUaBEr4ToTjRib2zHnivrsSkp1hYwiDjzULxZ/BwJ9/RIVVjQSxrWxwO+MQKJS+seQ1IaA/X7TLT0aCB7dRy7ZQsRGjdTKhisis9aRmhbf6EcomwWVxUdMNr6wZF+cH4eMWmbUGZOR1l7hvCFpFVHIKs6Sg1+Bv71FUekR4+lFvrXnXuGA9JXEN1ikXizFiJZDbYkLUHl+1xMHKrWTGrw97Do9foIs9mMai07uiouF8tPyBGaoBRYeSIY1zQHkaKJFsQpL6P/3YFarZ5O4KxWK1Tl5e7Fe5MlCyKTdAQ3ZemhiC87pXNxXXNYWJne6XOgBwUFBVMJHYRhwvz/jzKFFKeGxc0aoNtefTJ4fG3CnFs0/wsC49wP713enQAAAABJRU5ErkJggg==', 'icaser0@pinterest.com', '9057292220', '3 Lerdahl Drive')
,(2, 'Niki', 'Jeremaes', 'data:image/pngbase64,iVBORw0KGgoAAAANSUhEUgAAABAAAAAQCAYAAAAf8/9hAAAABGdBTUEAAK/INwWK6QAAABl0RVh0U29mdHdhcmUAQWRvYmUgSW1hZ2VSZWFkeXHJZTwAAANBSURBVDjLXZNrSFNhGMcPQQQRfYv60meJoiCtROuDZRcEA6MP3ckwS0tlZVlptnXRqavMaqZ5Ka1Jq1bOmWiXs466mqZzLs0103CmLp27HOdlaf+es2xFL/xe/jzv8/+/vA/nMACYsWpmDiEmjEQTMU+o/wvVFs+e64mAP3XGoWLmEtljzXv7vSMsXM37bHp1ZEPyK6+WsM+ifa+O4tyGuJHxzjQ79euJpb4AWwWT6tLv/zY1VI3hd9GOD8oQXtowglvNNhS3DfoQ9DWuB23K1R6nSeLh205+J18LMZex3mPOu41p9qH6aIfuQciPvHd9eGQcgIL7CrmqA3mPO3DvdQ8Uhn6UvGXxSb11Ztz6eHro+TIzeQOYLwXMhq7C+ebGopWebLYHFfo+qNhedFtdGHHxGHaNwdznQnldN0rqe/GoUgajIniys3BhK3kDfINILq7KSXlqQmFDL5R0m7BGnU58/jaICdIC/E/gjqYbcq0F6UoO8aW6K74ZCNveghbtqScm3Kkxo5Nu9vz4Cd7jwe2SUtgoyD05iae1b8B9diJT2Q6hV/D4A3bmcnaRohVZD42wjXsxOjmDKTo4K5bggaoSKRckqNPpwQ5acEKuh9ArePwB2zNr7LFFeohLDejjvRQyA6vTjcuyqz4zZ2hHWtMJiOpjkfDmEGLL1BA8/oBt6U+0u66zkJS34K3FiQF6tNXtxQttI3rsLgxNAymNiSjvzsfVVgkSa2MQmXWrxR8Qduq+OEL8HEl3dZAqzRimgY16AfcMQdpBASfZeJSY81BMSBpTEK3cjUj55rW+gNAEeRDRseV8FUQFHLKUXTD0OsDTPHiPF0bShyujkd8hwyXDaeR9lCK57hjCczb8/dbXHpYdiZOWe8LPPMMB2UuIbnJIvtEA0fV6HM9lsU+xG7ntGTjXlIgc40UkaGKwXrxmwh+g0+nCTCYTXrPcdOixIqw5rsC6JJUPQe+4G4Ws1guQGtIRrz6EkPQgb+Dplb+foNFoFhG8xWKBuqrKvmpPmmTFrlQtYZ9FG3Fj84Sk6QyOVh5EcGogDmTv2eEfYllZ2QKii5gilv//KwtslIaORuRuQvC5QEjzM4apb4lQ/wXCx9fe4QKeWQAAAABJRU5ErkJggg==', 'njeremaes1@hatena.ne.jp', '3728682574', '8312 Clyde Gallagher Drive')
,(3, 'Marlo', 'Rastrick', 'data:image/pngbase64,iVBORw0KGgoAAAANSUhEUgAAABAAAAAQCAYAAAAf8/9hAAAABGdBTUEAAK/INwWK6QAAABl0RVh0U29mdHdhcmUAQWRvYmUgSW1hZ2VSZWFkeXHJZTwAAAIxSURBVDjLpdNdSFNhGAfww0Cri+gyKLowpMC+LsooEy+SgqJuKqRIiIQKkryoi4zaUmbWSHKdPkYz05xdnKNobmwW6Vi6tbk2TDYl82PTTSr3PXe2s2T+O+dgYwV54S7+vBcvz4/neXleAgCRTf570UXdLda9ORUytW1LDbbkp1TK8h8PLu1rvn92C7houBxfEbA/E+Hn4C6wAQMYTxO8vbkwvMjBYiKED3X7BUQAaFqao6XLgxZyDaxyAp9JArYnBCLjd5CM2bDIupCI6MEEtRjQtWK2rx7t13fzQMUfYHNfx7H4wtQ9xFwPEZuuR+I7jWSgH9H5FrBRI4KeGgTcN6CoKoT3YyMaL+TxwCYBoOi6M5+6i37xgM9YICQ8elnAmKCai4YDJHCPnEDnrUJMdFfxxUg/Ik2JlSPq7anYtAw+0x74zXs54AqYGRLxMN9FK/yem5hySpcMDYfh6hX/DXRR15yhcclS2FEBv+Ugl0OIjFWCmVUgGR9FzE8h6mvGF7MMY21lMJNHecCZBrRUWXhhcrn9ga0IOy4Kxey8BoGZWnwbKsCkbSOGX+cJwFtJEQ9I04C+o5SNTojBuOXc3I8Qn1Nh7v062BUiWHXnWLtD+1TVTxt7anPhfHUayqs7eKAkDajbz3tN5HpYH4swJBfBQq7Fu6aSROZOcAWlLyt3Ch1kzr/iIv0DyHpqirMCvloVJ7MChGJ9w5H0Cq8K6Lx9gAeqVwM8X/6F/Lkh8+43zznRPkqpYfEAAAAASUVORK5CYII=', 'mrastrick2@histats.com', '5492174877', '16644 Jay Plaza')
,(4, 'Olimpia', 'Wreiford', 'data:image/pngbase64,iVBORw0KGgoAAAANSUhEUgAAABAAAAAQCAYAAAAf8/9hAAAABGdBTUEAAK/INwWK6QAAABl0RVh0U29mdHdhcmUAQWRvYmUgSW1hZ2VSZWFkeXHJZTwAAAJ7SURBVDjLbZPLa1RJFIe/e9MdExXRJhIHTcQXjIkd3PhAR3EWulPxL3AhiCsFcSG4HVyIS/cj4krFjYqCQRONqPhgNkbxgcRAAoomHdvOvVXn4eKmYxw9UFRR1PnO71d1KnF39h37t9fdLztM4GxzHHfAnWLy2WEaiXnt/eCFU6sBShQHDjv8We3pTj5+quHeTIICZrjBZO0b07ljXlrFTBQA2Fnt6Ur+7uui+48qXhAwt6KqFdWXLp7P/LYS2/cf4ScA7kuqvSu5+fQtExMN3AwAa6pwx82ZnGqQ5YG5MWOBpNRaYt2GlaztrKAK7oaZo+qoGWLOdBa5dGXgdwBH1Rj5OEVrWibLMmIeECv2hRZK5VY6FszD3H8DAEwN0Uie5xzYvLaQX6jD3Tl/9xWxrcz/8n8oiGpoFERTLg4Mk0dB1FExhIRGepKx8Tokh34CpE2AiBFiJBh4Oo+k3A7ldqzcjrW0kklgRcd6FvedI2mxXy6RKIpkQh4VUWMyHMUsEkwIIiyvrGP9si18zb7xZe99dp6tLLx34kt91oKoEfNIHpWohlhgd+9B1A01xXDGaqNUV2ynHqZ59mGw1vdPWinNtRBDARBzMg2oGyOf3xBNEItEjUzlX9nYtYN6bKSP3w99LjUbJogiuZBHI5qRWYao0LmoGzFF3RivfaCycBnPRx/w4N3QpyDsmb0DVUeDFhbMaHjO+YdnCRbIJLCmo4etq/fwZGSIOy8GNU/YNXbah2ctkKZs2tKHJwmqjuhVTB1Rx9W5PvoXSdrO/ZfP8Cebr4313xue2we3b914dKj4eXP6H4eZdX2Vcvf1AEvGj/f/13/mQPMZvwOnSeJok49LlgAAAABJRU5ErkJggg==', 'owreiford3@samsung.com', '4829806368', '77 Charing Cross Circle')
,(5, 'Alva', 'Bramall', 'data:image/pngbase64,iVBORw0KGgoAAAANSUhEUgAAABAAAAAQCAYAAAAf8/9hAAAABGdBTUEAAK/INwWK6QAAABl0RVh0U29mdHdhcmUAQWRvYmUgSW1hZ2VSZWFkeXHJZTwAAAJ/SURBVDjLY/j//z8DJZgsTV+9fAu+uHo8+GzvXECWAV+c3R//mTn9/ydLu4eka3ZyY/ts63T3k4Xt+4/GlqS74JONY+9Hc5tdH4wsmAmGgWv9xQKX2nMPnapOF4A1WzsEfjSzefLB0FwUHoi/szPX/05P/f0rOWk9ugHONWefzNl44X/B/L3/o7LXnn1h4fitN6i22Tx7W5tpxqYHxmnrChh+p6X+/rd10/+fsbF/f0REmiE0n7F3rDz5wb7s6Bu3gt3Vz80db69zTd1mlr11tUnGxt89Cw/8N0ha9YDhZ2LC+p8xMb9/hEdc+h4Ucu+br//JFXFNi5zKjz20KztiDzIMGFgzP+iZboQZbpSypsAgaeUjvfilqIEI9C9bV1LfvnnRaT96Ghr/zZs3739Xccn/S9aO3+cEh6nV1NTcBYm1tra+y8rKKrWzs+NG9q+EY8XR4+7RFdcmTpz4/8WLF//v3r37/+DBg//7S8v+V1dXH7p58+YPkNiRI0f+g9T4+Ph0MbjWXSgA+vc50L9vLEJq5hcXF384d/ny/4iIiG0+3t7/UlNT/0+aNOl/ZWXlfxDb29v7D0gOZAhILYNT9ZkHk9dc/A/070sjI6Oupqam7yAD/P39uezt7T/v3bv3/7lz5/4fOnTo/9q1a/+DxEByIANAahkcKo4X2JUefmBTtL9AV1c3Mz09/T3IgKCgoJ2Ojo6/3Nzc/gcGBoIxiA0SA8mBDACpRQlETSDw9fW93tvb+37VqlVv161b93/69On/CwsL/1dUVIDZIDGQHEgNSC2KAWpqasxAJxp4eXndT0lJ+ZKdnf0diH+Gh4fHAbEzkP0JJAaSA6kBqQUAGVqFjOjvxXwAAAAASUVORK5CYII=', 'abramall4@uol.com.br', '1809321619', '215 Kingsford Trail')
,(6, 'Kellen', 'Ilem', 'data:image/pngbase64,iVBORw0KGgoAAAANSUhEUgAAABAAAAAQCAYAAAAf8/9hAAAABGdBTUEAAK/INwWK6QAAABl0RVh0U29mdHdhcmUAQWRvYmUgSW1hZ2VSZWFkeXHJZTwAAAJ4SURBVDjLpZNLiFJRGMe/q1biA99UpqOilqALmYW6yM2MFLQtwU27bLbNLLSgidEethxcGLRTXIkbFyEYQlQu7qJNMD5AYXxcUZMRMhtf19s5NzRnExMdOPfAOff//f7fOd9HMAwD/zN4/ypIJpPMbDaD+XwOaL1PFAoF1sJisQCaps9M/NP6xEKj0QgOhwO63S6k0+kjHk7B5XKxgr+N6XQKqVSqbbPZ1LVaDbLZ7DEKGONhcrVaBaFQCK1WC9RqNdTrddBqtey+Xq+HSqUCJpMJJBKJutlsQqlUwgEfBAKBPM/tdhP5fJ4RCAQwGAyc6IDs9/vOyWRCIpvO8XhMdjoddm232+z+aDTC6VDYGQd/cH4ikQi7IDFZLBaTmIyIJCbLZDLSYrGAXC4nrVYrBmEHLawlls+YyWQYj8cD6FKh1+s5sRiTsZiiKKdSqSSRfadKpSIbjQaEQiFi5QAPZGm/WCyCwWBgyWazGaRSKUtWKBQkujzAQex2O6aviodYL6REIsEsn2vtrdmp6X6ByxQJvEEPRnwh8GfDJ7dy89fEeSqx4NMFxRp1+PqW9+IlgxVOv+ag+Ok9PSiXdtlKjMfjNxBlDxEfLonrDjZ/jGBzywv82geAjy9AIJGCXqfjnlSY3wFQTl6/378TjUZLSPAICQ+DweDh0kF+++WCf8VAwJ29Pz1wcBW4C0LPphCLxZ4i4XONRsMWEK60crm8cnHz6C1s370HwsY7mJx24CcKMPzOhXINqDN3EIlElo2yGw6HVw4++64dXBCL9jcUMw6P04Lhtzkcd7n0bMw8I87bzgXfxuPRSXuHSxM6mstQSPXmdm7+6heR5oijWAuHSQAAAABJRU5ErkJggg==', 'kilem5@hud.gov', '1392276843', '98206 Dakota Avenue')
,(7, 'Leontyne', 'Keher', 'data:image/pngbase64,iVBORw0KGgoAAAANSUhEUgAAABAAAAAQCAYAAAAf8/9hAAAABGdBTUEAAK/INwWK6QAAABl0RVh0U29mdHdhcmUAQWRvYmUgSW1hZ2VSZWFkeXHJZTwAAAGtSURBVDjLpZO/a5NhFIWfL1bNoFQdREMRRAo62CqIhOImWRz8A9xcNU4uFd1asEs3cXDxX+ggFkTQoZRsUrGDCDpoY4VSEoPRku+e4/B9+UUyFHqnM9zzcM77chPbHGQKHHAmumL51c9eFNkYiAAMlpAhlOkQLNw5lwwBAEonj2CMBQYsI4MHIBJ8/dUeTRA2dm4Q2MbO0+QgyUgmOmMqRGQRsZFyY1drGNIJjQIcyhYNkrDIDeoZu8A0HQNIBQqjfClb7mr1kxiUehSgVITc6+mBzs4rdZOk4wBpChHq9R+GQLP1luaf9/zda9Bq73HrUf3J66cbi31ABBET+avnRmdfudNYpThZo3LtOlOnpnm3uULt09ZCuVo6UegnMBFGKUQ4+5UQaZitnRWuXJwlCsHs2QqRdChfngO43weECZlUzrWIyJLstrY5nBzj9qUHADy8+YILp2cAigNvID5/b/c6S8JhBOz+brBZX2ejvsZ85SVLb+5SPHQU4F+yn2ssV0uLU+cnH8/N3GD6zFW+bH9g/eMaP741l5P9nnO5WloC7gHHgRbwvPasPv8fJZl0Xd9fi4EAAAAASUVORK5CYII=', 'lkeher6@cam.ac.uk', '8826649652', '2629 Jackson Hill')
,(8, 'Lamond', 'Pickring', 'data:image/pngbase64,iVBORw0KGgoAAAANSUhEUgAAABAAAAAQCAYAAAAf8/9hAAAABGdBTUEAAK/INwWK6QAAABl0RVh0U29mdHdhcmUAQWRvYmUgSW1hZ2VSZWFkeXHJZTwAAAG2SURBVDjLY/j//z8DJZgsTUdmCkodmSV7eO8EkQayNN8+WPry3YOV/3d2ib0nVbMsUPPrT8/3/n9+Nun/1hbxP6Rolr99sOTtZ6DmD7cLwZrXVUt5kKb5xb7/P17U/b+4xu4/UHMRUYEI1KwK1PwOpvnSOgeQ5vlExQJQs8atA8UfPr+EaL662QWk+diSPDlWnAZsWjufedOaORyHZ0lrgzR/ebkfrPnWbm+Q5odAzYJY0wFQI+OmtXN5N62ZVbJpzYzrB2bIfX5zaxJY86NjYSDN34CaVbEmpN4lK5hWrJonBtS8ddOaeT82rZn9b8vSmn87u6X+393n///gdKP/QM3OOFNi95Jlks0Ll6+bOG/l//OXzv7/8+ny/09PD/zfPD/vHtTmVJxJuXfxErbW+UuyG6Yu+T9t15X/rQt2/k/t2vK/ctKa/0Utk7YuyFeXxpsX6qcvXdswe/3/tpXH/neuv/a/cu7J/9E9V//7Fi57n1w+QY1gZsppnfMvqWb6/8iSyf8Dcyb8907r+R+QO2tbbNHEIKJz46bF5SybFhVZbVqY17BpfqbEpnmpfJvmJfESYwAA/ZPGvT+K5AYAAAAASUVORK5CYII=', 'lpickring7@wp.com', '2733000628', '1153 Anzinger Lane')
,(9, 'Maudie', 'Radish', 'data:image/pngbase64,iVBORw0KGgoAAAANSUhEUgAAABAAAAAQCAYAAAAf8/9hAAAABGdBTUEAAK/INwWK6QAAABl0RVh0U29mdHdhcmUAQWRvYmUgSW1hZ2VSZWFkeXHJZTwAAAF7SURBVDjL1VM9a8JQFD3PiEGSCO1ih1gnB0EkdCkKzp0E/0IHIRQc3bJ0LTh28me00CJ06SSddGmQGKpYHbQGVEz8wte8QIqQoYND6YXHvXC5h3POvY9QSnFMhHBk/D1A2C80TbtzU9X3hGX/bbdb1Go1UqlU6Gq1Qr1eJwEGu92uWiwWkU6nkUgk0Gq1cKtmoF29Qdd1qKpKJUmCKIoolUpGgIEgCGi321AUBbFYDPl8Hi/vQzSbBZTLCpbLJQaDAXieZ/V5AIChZ7NZPPRP8dxjxCIonMm4SKXQaDSQy+XQ6XQgyzKTFAlIYMjRaBRPZgizPY8ZeLx+CeA4DvP5HEy74zhYr9dMbnALtm1jsVi4pu1BmUUcAQ0RjMdjr/crwHQ6hWmauDyxIBEHIrGRCfdhGIY35A+zjRxe748Hk8kElmW5G/jEtWsiY9PTe/gYDhGPx71eMpn02DCQAMBoNLp3ad50u13i736z2XiZuX94F248+nPk/3+mb7TL1kbVXJ5aAAAAAElFTkSuQmCC', 'mradish8@tripadvisor.com', '8255711347', '6 Holy Cross Park')
,(10, 'Drusy', 'Dieton', 'data:image/pngbase64,iVBORw0KGgoAAAANSUhEUgAAABAAAAAQCAYAAAAf8/9hAAAABGdBTUEAAK/INwWK6QAAABl0RVh0U29mdHdhcmUAQWRvYmUgSW1hZ2VSZWFkeXHJZTwAAAH+SURBVDjLdZI7aFRREIa/k3u5cclGwiXEF9GInSCIoF0qa1/BynJdyBYhtaRJSrsFK4XtBCGFQRALm4BYKQg2ti5JQEh2hay66ObMmbG49+4jSwYOc4rzfzP/nHFmBsCL6uWrwDfGo7PcaM5wQrjnjxduABvAnXJ6hkdr63TbnwGYmr3Fy/Un/O3+AngFbC03mq+HATGwdfv+g4ul8jT++1fMjNDrAmBmLF6bZ+LcFczs4fs3b+8CY4BLpfJpjn4fICo0N+tgBhht+4Ka4ff3ODV7ITFInHPOCt85ADRgIkzMnEWDYKb8aHf52fmHAbp/iNsTdlo9gJvOuQNg18w0BjBVVAT1PdT3wIxW65B7a++I4qTf7hKwIfKp0Wg8W1lZqTvndnOAoMFjprn37ERxgvceEUFE8N6TpimVSmU1jmNqtVp9IgMEVDwmHg0BDYppBnPOEUURURThnAMgSRKq1eoqMBcXAMRjQTFRVA2VDBBFUT9PTk7S6XQIIZCm6WCIpllVFUUlYGpYCCMdFHfnHCIy8o3ZEH3ARDEJqIKKDbYthxQWitwHZNUzgOYWig6GIcdBgz0IhnrNZ1BY0PG9z4WFpQLw0R8dLU6dn8+EqphCybf6j4YWb6R6AXj6YXt7GrjeFwA7rR5LJ4gAQgh/gOCG6cfaXQDmODkCcPAfs2Qwc59hLO4AAAAASUVORK5CYII=', 'ddieton9@mozilla.org', '3432724844', '4658 Holmberg Street')
,(11, 'Estrellita', 'Derill', 'data:image/pngbase64,iVBORw0KGgoAAAANSUhEUgAAABAAAAAQCAYAAAAf8/9hAAAABGdBTUEAAK/INwWK6QAAABl0RVh0U29mdHdhcmUAQWRvYmUgSW1hZ2VSZWFkeXHJZTwAAAKkSURBVDjLjZLfS5pRGMf7N3bxslsvtsWuJBi0i4UNRrtYIeIumuwHbAgvXa0mMWGjMDebmSzTQtNuXGZLZr5ZXRQUJjm1jWmGhT9Wr/1UQnQX351zNkbt3cUOPBzO4Xk+z/f5ntMAoOF87O/vc6VSiSd7sFAoiLu7u2ImkwkmEgl+eXmZ+zv/wmFvb6+JFPqPjo5wfHyM09NTHB4eolgsIp1OIxwO+30+X9M/ASSJI+GnRWdnZ6CQxcVFCIKAnZ0d5HI5BhkbG/NbrVZOAiBSeVEUUS6XWXcKqdd/oFavMxW0OJvNIhQKobe3l5cAUqlUkCZSSKVSQXQzC8uoB0M2NyLxDMhoSCaTiMVi0Gq1QQmAmCQeHBwwqbSrZdQNVygN53wBVv83VKtVbGxsMCUajUaUANbW1kRiIra3t1Gr1WAeccMeymNkroTBme8MsL6+jmg0CqVSKQUQw4JbW1usAx0jGk/j3YcvMPhySKaKyOfzDDA1NYW2tjbpCOR56DszwPT0NOLxOE5OTpihVPrk5CRWV1eh0+mgUCikJtrtds5sNs8tLCxgdnYWTqcT5A42m43tA46X4C1qPH57F6pXNyu3n1/TXQB4PJ52h8MR0+v1fgqIRCJYWlpif+G91wi99wECm8P4XBRgmn8Kpekq5M8uGVmx2+1uJ1EbHx9HV1cXp1KpoFar0draipaWFtx/fQszyUHMfDWDLmP4EUzhJxRQZQCXy8Xmo7ObTCYYDAZYLBb09PSA53nceXEdnzbtOL8+JoYp4Jd8Oic1jbq8srJC/zwCgQC8Xi8mJiZwQ3sZA4IGfUInK+4LdV5U0N3djY6ODvo81GE0NzdDLpejsbERMpkMVxQc7hlleCM8ZJ3pTs9/PPifIMn9JMpU9u+9n97/BG848JbqijsUAAAAAElFTkSuQmCC', 'ederilla@arizona.edu', '7192930894', '8 Swallow Terrace')
,(12, 'Normy', 'De Morena', 'data:image/pngbase64,iVBORw0KGgoAAAANSUhEUgAAABAAAAAQCAYAAAAf8/9hAAAABGdBTUEAAK/INwWK6QAAABl0RVh0U29mdHdhcmUAQWRvYmUgSW1hZ2VSZWFkeXHJZTwAAAK2SURBVBgZBcFNiJRlAADg532/b2Z2Z9fdUdfWUlwNooJIFNryEEUSBAVCVy9eIrwJngqCwI4Jdg46VBIdukRQtBAdOliUHQ0qlbXE9afdmXVn5vt7v54ntG0Lznx1axWXHh/MnBhXybhKqpRM6jTENu6jwSYe4DN8nwOkun7+6P75E+df2gcAdsq0OC7T4ua0OVhWbBeNm/cf+vbvnVdxLgdIdb280A3g1lajE4I8kOX0OtGhXpTFqJNx7OCsxxbn9nz8y+2LEaCpqoW5nDqxXQbDiq2C4ZThlAcT7j5swDuX1504MueZpc6+HKCpqj27utFOwc60EWOQI8uIGZkgCySEZuTK9U1X14e3c4CmLJcXZzPDSW1ctGJsZZHYBFkk08oytJmNUeGjtb9GOJMD1GW5srzQMZy2any99qddPcZlbfd81+27EyEy38882u/aHE0Wfvj932EO0JTFyv7FnmsbjRCZjKdeWX3SqePzvrnyj/dOPw0APv3xnpTCzxFeu/DdrKbu9jpR2RC1xkXlv+0arP26AWBaMyq4t1UKIYlQF+W+XiAGErTEGGQtVZNcPHtcSq0mtTJJP0+KojDaKeXQlEU/n+vKI1kMmhTMdKJpUfngy5tioG6S1CQt2ralpd9J8hfPXV7ChdWnDrkzat3caMzNUKdW0dSy2EEraIQQtKnVtkldV8qyljdleRKv/3bths1J7mHRqprW9rjSCbmzb+xSpxKRljYkM3nXh1+sezDakTdVdfzUy8/Ovnv6BQDw5vs/yXQkE59cfdtS/5Aguje+5a3nLolmjItS3lTVjTv3hz5fu2YwP2uwMGMw15PnmcP7WZ7fdvLoqkH3AJGt6QGPzNX6XfIQhGOnLy3hHFawF3uxO/aPHH5iZU9n0BuYyRfUqRJSEtpGCmN/rF93d1T5H4CHTHMseNtCAAAAAElFTkSuQmCC', 'ndemorenab@infoseek.co.jp', '5565546473', '890 Dwight Trail')
,(13, 'Rayner', 'Gribbin', 'data:image/pngbase64,iVBORw0KGgoAAAANSUhEUgAAABAAAAAQCAQAAAC1+jfqAAAABGdBTUEAAK/INwWK6QAAABl0RVh0U29mdHdhcmUAQWRvYmUgSW1hZ2VSZWFkeXHJZTwAAAFESURBVBgZBcG9S9RxAAfg565DI51uCBocpGhoqM1VaAjByXAImvoXDtr6D4JAaG2oyXtpKJGEltYcGntDErEhEI3kvDP7fb+fnqcVAAAAQAeg39XLqsVcyl62bTw8AkTE5tqb8WHOU1MzzUFej1+uR4SIzeWPOcu/TPI7JznNecZ5ngcrEa3YnJ/7fHehY6Kqqiq+eedgP7cH4zZ6dxZmnamKoiqGnpjTXcxj2tSVq/4qGkXRGOlrfDcvK7TJ0qypoiiKob5G9cWsukSHoCiqamQgiiqKoE12p2YUxVBf0aiK6ybs0qbu/HJZMTRQFEWjuOFU3aFNnn06vLCnr1EURbHq1PF+ntIKXiz/+fDTFV/90HHNTWdOTO69fU8rYH0tr7rzc2YUF8aOx3m0NYJWAPe76VmttzK1bzsbW0dAKwAAAID/tYu/URIDsoEAAAAASUVORK5CYII=', 'rgribbinc@census.gov', '3892096890', '829 Nobel Way')
,(14, 'Nani', 'McKelvey', 'data:image/pngbase64,iVBORw0KGgoAAAANSUhEUgAAABAAAAAQCAYAAAAf8/9hAAAABGdBTUEAAK/INwWK6QAAABl0RVh0U29mdHdhcmUAQWRvYmUgSW1hZ2VSZWFkeXHJZTwAAAJ6SURBVDjLjZO7T1NhGMY7Mji6uJgYt8bElTjof6CDg4sMSqIxJsRGB5F4TwQSIg1QKC0KWmkZEEsKtEcSxF5ohV5pKSicXqX3aqGn957z+PUEGopiGJ583/A+v3znvPkJAAjWR0VNJG0kGhKahCFhXcN3YBFfx8Kry6ym4xIzce88/fbWGY2k5WRb77UTTbWuYA9gDGg7EVmSIOF4g5T7HZKuMcSW5djWDyL0uRf0dCc8inYYxTcw9fAiCMBYB3gVj1z7gLhNTjKCqHkYP79KENC9Bq3uxrrqORzy+9D3tPAAccspVx1gWg0KbaZFbGllWFM+xrKkFQudV0CeDfJsjN4+C2nracjunoPq5VXIBrowMK4V1gG1LGyWdbZwCalsBYUyh2KFQzpXxVqkAGswD3+qBDpZwow9iYE5v26/VwfUQnnznyhvjguQYabIIpKpYD1ahI8UTT92MUSFuP5Z/9TBTgOgFrVjp3nakaG/0VmEfpX58pwzjUEquNk362s+PP8XYD/KpYTBHmRg9Wch0QX1R80dCZhYipudYQY2Auib8RmODVCa4hfUK4ngaiiLNFNFdKeCWWscXZMbWy9Unv9/gsIQU09a4pwvUeA3Uapy2C2wCKXL0DqTePLexbWPOv79E8f0UWrencZ2poxciUWZlKssB4bcHeE83NsFuMgpo2iIpMuNa1TNu4XjhggWvb+R2K3wZdLlAZl8Fd9jRb5sD+Xx0RJBx5gdom6VsMEFDyWF0WyCeSOFcDKPnRxZYTQL5Rc/nn1w4oFsBaIhC3r6FRh5erPRhYMyHdeFw4C6zkRhmijM7CnMu0AUZonCDCnRJBqSus5/ABD6Ba5CkQS8AAAAAElFTkSuQmCC', 'nmckelveyd@canalblog.com', '2066387401', '292 Rusk Way')
,(15, 'Amandi', 'Piborn', 'data:image/pngbase64,iVBORw0KGgoAAAANSUhEUgAAABAAAAAQCAYAAAAf8/9hAAAABGdBTUEAAK/INwWK6QAAABl0RVh0U29mdHdhcmUAQWRvYmUgSW1hZ2VSZWFkeXHJZTwAAALFSURBVDjLjZPfS1phGMeFXdef0bVXMeiiQS0hNeeCuuhKUFzKEnU/lDEKxZazaEop20Ub1QpaRhdrjFVgGY4RyEYuj80y7SfMNH9l/vzufV9mrO1mBx7Oc77n+X7e533OeXkAeH+Gz+dr8ng8Y8vLy/6lpaWfi4uLybm5udD09LTr7ZTr1t/1V8nm5mYdMTuJuRiLxZBIJJBOp5HL5ZBKpRAMbsM1bim9dJqnxhxD9dcAv80fd3d3Ua1Wkc/nQSHRaBTxeBzlchnV8gVKFyF4VmZgsz72Dj17Wn8FoCtTc7FYBL1KpRLoczgcxvn5OYMWLo5xmd1G5fIHPn14A1P//SkGIOabpO1KNptlhkwmwyBHR0fgOA5UL5dLyKU4FLJB1kWRhE57r/JAr27iEbPz4OAANEKhEDPRPVPQyckJywuXKQIIEGOM5GekwwK8Xi+USqWTx+fz8b9BZ0PByWQSe3t7kMlkXxkgEAhgZ2cHGxsbmJycZMX0fnh4yPSaRgcbiUSwv7+P09NT9PT0xBmAFtVMFEKDajW9dvd9j+BLIMyCix5D2tl19g9gYmICs7OzsNlsLNfr9VhfX0djYyMsQ1amWZ/bMP56BoKOTu7aFtbW1tDc3Ay73c5apJ+SahaLBb29veDIkKlGO6Q1QpH42z9D1Gg08G9tQSwWQygUQqFQwOFwwGg0slxEdGO/mUF0Ol2G/UikwElXGrSa2WoU4Oc+o63tNlZXV+H3+9k23G43BAIBLPZXDGAymfIMMDw8XGceNK08eqJHn6aPAR4a9GhtbSWQNkilUhY0b2lpgUQiiVMA+Q+SV4dpYGCgTqGUv5PelVZHX4xi3j2PhYUFuFwuaLVaGAwGllONnM7EyMhIkmwzeO1oNjQ03Oju7pKJRKK0XC6vqNSqqkqlIp/rzqFE2vFerVbnSOTJu2x7e3uEDJz/C4Myz4QSsAdYAAAAAElFTkSuQmCC', 'apiborne@forbes.com', '9614181043', '09797 Fieldstone Lane')
,(16, 'Ira', 'Tranckle', 'data:image/pngbase64,iVBORw0KGgoAAAANSUhEUgAAABAAAAAQCAQAAAC1+jfqAAAABGdBTUEAAK/INwWK6QAAABl0RVh0U29mdHdhcmUAQWRvYmUgSW1hZ2VSZWFkeXHJZTwAAAFFSURBVCjPhZG/K8RxHMZfdy5OnEEMhhuMJCMldVl0JcOV7Bb2K/+CRakbTOdOsSjWK2WRZMDiR1eK7sJEuYsv98P3/XkM93Uj72d51+vp6aknJP6+yO+z3U/azTGsDt2rQGb5NQBCiHxqz3tUU5LUUFm73uZCi7Rw4lQ1OdVVVUUfaupLa5pJChESud5YcT4e4RPD4TDEDfs8lNz4iRcG0pPxKB7WVp4VYgwMaxXC4JJD1PHb2ibLN7f0oSSEQROdfGL4GEaOLN84rojiJiACAgwfhyPPFsIwhCFaCed1ujB8cmTbSSN4cA5hsMNnuvHJs4UFPYxRqthhK2Hj7KlBkWyADJ9FKryUtA4hAZnE23GZHq65I0KcMTxe8WYvjgIDTKe0M9gboxOjwTsvnpYuD6BtgKl+pZmzUdUoUVDmMhgr9N/cP2kRvjgCZVaBAAAAAElFTkSuQmCC', 'itrancklef@fotki.com', '6658624355', '18 Hayes Junction')
,(17, 'Marj', 'Jakubowski', 'data:image/pngbase64,iVBORw0KGgoAAAANSUhEUgAAABAAAAAQCAYAAAAf8/9hAAAABGdBTUEAAK/INwWK6QAAABl0RVh0U29mdHdhcmUAQWRvYmUgSW1hZ2VSZWFkeXHJZTwAAAF6SURBVDjLxZM7S0NBEIW/fWCnQgyIT0QQDKJBFBRbsRCt/Ae3VRs7wVpIY6WxkqTXxgek8IGIIQRsYjR2SkhAMJoipDAkXNfi6k18YcDCA8vMLDtnds7uCGMMf4Hkj/h/Ag0QDocngVVgrM68O2DJsqx9/bax7vf7fK2tXgCEABBvftU6vuDxMd97cXEZBFwCr8fTTCbzQKViO71J6SYJIdxYa01HRwuA123BgUAphW0b93AtSZVAIaX6qMF7RaU0WvMh4bNVSiKE/EoghEQpiTH62+qJTIzLbIzic4FypYxXdmuwEKFQyPT0dDE0NOCKVxXMiU8SB6Seooz4Run09HGa2iV+fU5Tsd+5QTqdJZ3O/vhmZ7lt5mamsaWNv22K45sdxgcn2NmLgDHm1zW7Mmwi11umFvvJoBlbaDN1/cR8IVdK3ccIHFkABA4tbnNJgFJdBC/mZS2ejNGA5uBqkwahiSbOAIKi3nEeX2wPAPNAI1AENuMb98uviwGZtIAuD3IAAAAASUVORK5CYII=', 'mjakubowskig@nasa.gov', '3654230489', '9163 Green Ridge Plaza')
,(18, 'Isabella', 'Clausner', 'data:image/pngbase64,iVBORw0KGgoAAAANSUhEUgAAABAAAAAQCAYAAAAf8/9hAAAABGdBTUEAAK/INwWK6QAAABl0RVh0U29mdHdhcmUAQWRvYmUgSW1hZ2VSZWFkeXHJZTwAAAKvSURBVBgZBcG7ixx1AADg77czu5vL7Su3d5fEmHBBElBBEkvBVyqNdgYrwdbKRsm/YG8lFgoiNpYWChJBI4IPTAKSByQm5p17aOZ2ZnZ2Z2bH7wunz7x+brw+PhVFEQAIAACCAAio6oXtze0f4vH6+NRnH38utIJqUQIgCBqNAPIyRdA0Lc2i0ah9ePaDU3EURWqVUH4l+/6CfedyW2ePWO73XLv2iyvZp+5vJfr9gUc7iShu280K755utONICyBJdiRPd+ymqfy7y9L0gTRNhdkFs+nENJ+YT1PTaaoqMiEsEMQBMByu0ZT2vr/CR3/qvrVq/eATlsobptUx/VFfJ2qJ2x1pXghhhqAFBEmSSNOJx+u13X2V6dfXqRea/LxylsonmXKWmxWZ+SwXQgNigOFwnaY0Gg4k7z1j3yc7qpcP6q7OHJnvaPcO29uNtDttk3yOXQIxARTFTJbmQmhMlmvRcaZf/O2nk6dNm4Xi/lWdOBZVie7SqiBGEAfA0tJIb5AZDgag/c6G8192LK++5IWn9mt3YpvJ3KPtxKNbP4paJwTEATBJMmk6Q+aPew/dLluqw297ZWPN43lLVdSaENl4ctXtf44KWS6gJQQBg9EB9oxczCu35m2j0ZqiXOh2O6p6YbFoFPOFsg6aqKtpd0AMTdP49c5NF+5d1ev1FUUhTTPdKChmpbIOqkUDmkAxLTSdMYgD8iqzVZe6nZ7lpaFiNtfb05MlFz3cPGg0HitF4lbw4N9SnN1x9/fLICYIoaVvYBpy3XrJ3tCz/8qm0cO/XL9BdfM5ragjn5VayR0vHvjP1qWf7ckm4qqq1XXt0MoJh8YEEIRjeJWjIYCVycJm1HL30o7ta785cvx5z979RnjzzBvfrq2vvha1YwQBEAAAEACd/IGTK7WimPkf4mk8xSgTQvcAAAAASUVORK5CYII=', 'iclausnerh@apple.com', '9527376391', '304 Cascade Terrace')
,(19, 'Jaquenette', 'Sugg', 'data:image/pngbase64,iVBORw0KGgoAAAANSUhEUgAAABAAAAAQCAYAAAAf8/9hAAAABGdBTUEAAK/INwWK6QAAABl0RVh0U29mdHdhcmUAQWRvYmUgSW1hZ2VSZWFkeXHJZTwAAAJPSURBVDjLpZPLS5RhFMYfv9QJlelTQZwRb2OKlKuINuHGLlBEBEOLxAu46oL0F0QQFdWizUCrWnjBaDHgThCMoiKkhUONTqmjmDp2GZ0UnWbmfc/ztrC+GbM2dXbv4ZzfeQ7vefKMMfifyP89IbevNNCYdkN2kawkCZKfSPZTOGTf6Y/m1uflKlC3LvsNTWArr9BT2LAf+W73dn5jHclIBFZyfYWU3or7T4K7AJmbl/yG7EtX1BQXNTVCYgtgbAEAYHlqYHlrsTEVQWr63RZFuqsfDAcdQPrGRR/JF5nKGm9xUxMyr0YBAEXXHgIANq/3ADQobD2J9fAkNiMTMSFb9z8ambMAQER3JC1XttkYGGZXoyZEGyTHRuBuPgBTUu7VSnUAgAUAWutOV2MjZGkehgYUA6O5A0AlkAyRnotiX3MLlFKduYCqAtuGXpyH0XQmOj+TIURt51OzURTYZdBKV2UBSsOIcRp/TVTT4ewK6idECAihtUKOArWcjq/B8tQ6UkUR31+OYXP4sTOdisivrkMyHodWejlXwcC38Fvs8dY5xaIId89VlJy7ACpCNCFCuOp8+BJ6A631gANQSg1mVmOxxGQYRW2nHMha4B5WA3chsv22T5/B13AIicWZmNZ6cMchTXUe81Okzz54pLi0uQWp+TmkZqMwxsBV74Or3od4OISPr0e3SHa3PX0f3HXKofNH/UIG9pZ5PeUth+CyS2EMkEqs4fPEOBJLsyske48/+xD8oxcAYPzs4QaS7RR2kbLTTOTQieczfzfTv8QPldGvTGoF6/8AAAAASUVORK5CYII=', 'jsuggi@123-reg.co.uk', '7456950993', '61 Anzinger Hill')
,(20, 'Edithe', 'Quartley', 'data:image/pngbase64,iVBORw0KGgoAAAANSUhEUgAAABAAAAAQCAYAAAAf8/9hAAAABGdBTUEAAK/INwWK6QAAABl0RVh0U29mdHdhcmUAQWRvYmUgSW1hZ2VSZWFkeXHJZTwAAAIpSURBVDjLpZP7T1JhGMfPn9RaznVZa7Zhl1WoOI1ZtNlmq5Wrma1jMTSG5li1ahWSFJKmjuhEYzVJCDGQUNJI7WYX7ALnhFwiKFvn2zkHKw6d33y27y/v830+++5535cAQCxHhN7+AR23I9Ba30EzMIeTva9BWl4+ljJbRhLqHk9i/trDOLpdDLoeMCAyuZ8oVtP1WVYKYPYsfCv2Eqd9bdB61dB4SJxwNQuHjcZnkAKY3F+Efu/0VZjDV9A9eVFoiIo37L88JQkwDjNCv7CIPm8MheINey+ERIC6/kpFtXkbdhjKUdtVIfITVn9URGRSOajOBv8ClH1yRZVpK9s63IL2kVbIz20RBvkaGI3mAVQgBmosCsd4FG8+p7Gzc0wA1Fi2KyqMm1nyfhNqjHKsP1WKct1GDPpisPLy0/8nePUxhWqdD1xkJReZbXY0oqxjLbtOU7JJf2ceqewibAFa8FKBJYCQgktg49Rg3QMuMupv1uGw/QA26Faza9SrZHyidtt7JDOLsAdp3B3Pixh6QiOd/bdZVY8SGjeJg1QDH5ktbVkp+7OPtsG3SHz9gXuhfALnJPeQHBM0ClVrqOIjg4uMkuMrZIW3oe6fEwBD3KBzScQtPy3awfNIEiq9T/IdkDdeYIEDuJ4ygtcd5gD8QLF2dT76JQU4ap5FPP0ddDKHT/EsInQGRKXWi2KVHXNSUoAjppnRQ4ZwZt+lKdSfD2H3meDyvjKv3+cfGcwF4FggAAAAAElFTkSuQmCC', 'equartleyj@ezinearticles.com', '3978925079', '3092 Rutledge Crossing')
,(21, 'Michaela', 'Cino', 'data:image/pngbase64,iVBORw0KGgoAAAANSUhEUgAAABAAAAAQCAYAAAAf8/9hAAAABGdBTUEAAK/INwWK6QAAABl0RVh0U29mdHdhcmUAQWRvYmUgSW1hZ2VSZWFkeXHJZTwAAAL2SURBVDjLVdNNaBx1GMfx78zO7Lu765qQWIPteqiH+IKCjTmkClIVPHi0pVDSXBT0sGhLUOvJl0OL4AuVBC+CLXpoD1KqweBBWFFajOChSTU20q2h6e66nX2Znfm/ejCJ8Qff6+fy8DjWWgCmz9f3AR/cV0pPhtIQSoM0hoEyAdAFmoAG2kAL+Bz41mNzRqmJh0fzk689MczO9YUphsIU25EeExK6sebPZo9v/ugfAKo7gZFC0gGgflvjOw6eAwkPUr7LvSmXhOviJ+CRsQy7irnyp5fW33e3AC1loWQilIGucAgkdDoRQQRBBK0B3OppAF4/e53JSo4HhvzhbSAfBiP7v5pHHZ2mH2kqJ2cZ+uxjwqBPNzb0IstAgAEc3eGna22WrgfrLoA4Ol2eXfrimZw3QDoeYWyRePh0GZ0/RdTu0o8NfWnAwkYn5sPF1Y4WYtoVR44cNGH01+iwXzT1FvVj76CApUNVxI2ApNNn77EZUrXviZSDsaB9jRKicv7lxxZdM4jm433jabO0Asdn6eTLOC7oQpnfX3gFfrmKnBjnnrmTuFJiLag4RotYA7gmHLyY+LoWmcounBNvYm81cLEkgyaVuXdRe+7GuVijPlPFSfpIren1Q6WE6AC42YsXvjy9e//EtdXbyHyKyqszYOH+946TKHiEbcOVuXMEUwfI+NDqxahYbCy89awFcAEWhvaKj6YO48WQaDTAcXGbDcIA1k6cQuaKYCHruTTaA7SI17eu501Vzw4Bbz84OU6veobvlgW5rubHTy6Q9i2+B8nEvxWysFoPUUJsbANaiKeA535eXqM98OjFFqktsXQQyqC0wVhLuVjkpadHudkK0UI0/gOkfPT5Jx/KvHH48f/9gLYgtUUowMLphXWyPnR7IVrK1k5g7WYz4MziMqV8hlIhTSmXophLcUc2SSrpkvJcDk2NkPKg8XcXLeWNbcAoda52eWWsdnllN3DXZnduVkwnfT+d9inkMpQKWX69Wv8N+GEL+AdfSH+n2ppttwAAAABJRU5ErkJggg==', 'mcinok@cargocollective.com', '6728941619', '45 Hintze Court')
,(22, 'Brannon', 'Maryin', 'data:image/pngbase64,iVBORw0KGgoAAAANSUhEUgAAABAAAAAQCAYAAAAf8/9hAAAABGdBTUEAAK/INwWK6QAAABl0RVh0U29mdHdhcmUAQWRvYmUgSW1hZ2VSZWFkeXHJZTwAAAITSURBVDjLpVM9ixNBGH5md/YjH3u3EnKX5BDcKyRNUAs7QUwawT9gZSptJL/gQK6ysLYUsfAX2CSNIVgKV4VwBqIQCGc06mFiYnazu+O8o1mihaA37MPM7L7v+zzPOztMCIGzDA1nHHy96Pf7L6MoqkogDEOsVqsEQRAk8H2f5na9Xq9RHiMLMvm6aZqdfD6vgv4cmzYNw0Cn08FwOKw1Go22UiAZH7iui/F4DMuykqTNRFqPRiNsbW3B8zwiPZCv26zb7Sr2XC6H6XT6m1yyQomMMei6rtgdx0Emk0Gr1cJgMKhxYifp5JWCbNtWWLNvKqE5jmMsl0tUKhX0er0DTkzz+RyTyUQ1aB1EzRRCBqeLCDQb33wLlsGxnYohTo6QcVylkgpUqTptKElaUpI1TcPOxatIp3ZxqZQFN3R8/BrgdOZjlrqA0ragnKpGrOSVQAXWoD2y57G/m8apz/B+Kt8xHXs7DiLTTY6YU4F1Ekkvl8tqJnz6HsA0DYR+iFi2wQ8FbK4jFFx9TwrQCfz0LBJQwGJhIFhFkA/C+FcjGbCQPSt5JaWSy462ms3mzY2/LJn3KjcwK1yBkzLhRwJck1a+rCA+9/Hk4TNJZLfY3y7T4+bQszjunMuahyRgOvfj8MMxu5Y/YfO3r2bvjo/usX+9jS8Ob90tFAuP8t5l983r5oL9z3V+fr98u7hfeRrHYeoHJYR682gpzWwAAAAASUVORK5CYII=', 'bmaryinl@youtu.be', '2993899697', '418 Crescent Oaks Pass')
,(23, 'Daryle', 'Snary', 'data:image/pngbase64,iVBORw0KGgoAAAANSUhEUgAAABAAAAAQCAYAAAAf8/9hAAAABGdBTUEAAK/INwWK6QAAABl0RVh0U29mdHdhcmUAQWRvYmUgSW1hZ2VSZWFkeXHJZTwAAAIWSURBVDjLhZNPbxJRFMWhRrYu3NrExIUbdzWte6M7d34Eo2Hjxm8gwZUxIYEARUKAWgwbV0BpxAW11bpQFrCoCVEMDplhQMow782/enx3WsiU0jrJ2bz7zu+9e95cHwAfSXzXhFaEVv+j60JLM58HsGIYxsi27SPHcbBIoo5oNBrxQryAVTJPJhPouu6q0+mgVquh0WhAlmUX0uv1EIvFZpCp2U8A2sA5h2maYIyhUChA0zTU63UoiuICaJ0OSSaTx5B5AJnpqqVSCbmNTWxVt9FsNtHv98+05GYyD7AsC5VKBZvFd/j2k6Etc6gjHfLgELKiujeRJGkxQGSAYDCIx8+eI/ORIb3Lkf0sWvmio9aaoC2NoQ7+QFUHCwFr5XIZ8bfvhZFhq2XgU9tEb2Tj99DCgcTx9YeOg64GZTCGPQdYEnpaLBbxZl9HfIejo1rg5nGvti3CMyxouonhIYM8ZG7NBWSz2YepVKobiUR+UXjrwry+wzBm9qnAqD03YHohbsASUP+ly2u+XC7XzmQyt9LpdJc2xuscr0ULU9NUFC6JDiFRCy4gn88/EWqFw+EEmfL7HK8+8FOAqdmrWYjC7E8kElcCgcAdWmx2LbzY5mCmc+YWXp33H/w1LQehKhPPZuK8mTjR0QxwArktQtKpsLHHEarwC81ir+ZOrwewTBCiXr157/7d0PfqjQcvH10w1jT6y/8A/nHJHcAgm2AAAAAASUVORK5CYII=', 'dsnarym@printfriendly.com', '2089459848', '367 Spaight Parkway')
,(24, 'Analise', 'Hurich', 'data:image/pngbase64,iVBORw0KGgoAAAANSUhEUgAAABAAAAAQCAYAAAAf8/9hAAAABGdBTUEAAK/INwWK6QAAABl0RVh0U29mdHdhcmUAQWRvYmUgSW1hZ2VSZWFkeXHJZTwAAAJpSURBVDjLpZM7aFRRFEXXffPyJokzmkSFWBiJiGBEDH5io8QmIIqFojbaaGkZSBVtbAOCpZU2IhhRLJSAEFELISIpRBB/wxgwakYnn5d5n3vvORZCjB8sdJeHw2Jzzt5GVfkfhb8O3ANTUmVQhQMi9KmCChMijKlwsXxY4+X7ZrkD98D0q3DFdA11m7Y+NOoA9WhSw9cnyV6PVEQ43X5EH/4GcOPmiLb13wo6T6Ktq/CNl0j2BXUpmGaC5k0YG5C9HyX79PDo2hN6ewlgx02HKtXCtuslCebxaQXsAuIy1KffIaKYYheF4jbmnpyJRdiw7qR+DQBUGAw2DJc0Askq4BYZv1MDycHnPLoPYmPc/HN89pbWLcMl8QwCBAAiHDLte5C0groEFcv+gy2oWNRb9vXHqGSojXGzzwjbNiOeQ0tfEKGH4kokmeVT9SstLdAUOUJy1OXYzJIuepJFWN1RAzK8p3sJoEKiLo3wjpmpORoLOXnqsVawVaEUBuAD4kTZe8qCKiIUfjjwVLBJL0T07G5HXYa6hM+VmNl3RdYYg00MU/UEE7QiPsRmvFl+g7u2NomJulAB9TnqLFGzJ2ukaJLjFhIkbBCu3E5Sq2Jz7v4AeC41XlyIcWWCaD2oQSWjvMrRtGWetzN1qvNzrD/ciRa3M/34QmwzLv0UpJkb5li4dmC0uesoFBZw9af45APqUkxYplDuxbOR+st71F+NHd8xrDd/i/L0NTMgnssreoa6o9VbCZoCEIfLPIvTr/j4ZKTiLGd3ntOxP3YBYOqqKYlnSIQD3tPncnCWCWcZc5aRXef/UqZ/0TcrHX7i2ZbMyQAAAABJRU5ErkJggg==', 'ahurichn@list-manage.com', '3954898491', '421 Old Gate Crossing')
,(25, 'Brinn', 'Twigley', 'data:image/pngbase64,iVBORw0KGgoAAAANSUhEUgAAABAAAAAQCAYAAAAf8/9hAAAABGdBTUEAAK/INwWK6QAAABl0RVh0U29mdHdhcmUAQWRvYmUgSW1hZ2VSZWFkeXHJZTwAAAJUSURBVDjLpVPNaxNBFP8lqY1JSJOGFBtSU11BaEulUUFB7EUalB70kINCQfBv8FgNgvRUJCdPUj36FxgqKahpi18NSQXBikRbE6UfYpNtsruzO+ubTTaHNoLgwuMxs/P7eG/eOEzTxP98Xfs38vn8Y13XpxhjXZRB2QpN00R+mkwmb3QkKBaLAQI8CgaDSbfbC5VA4ByWP3LZ2xvE/HzmOq0OEhQKhcsCHA6Hoz6fD6WvZQh1zk1wkxORCYPIVFXtXAIdzsRiMWuj0VDACPyhuEIEvB0TiStWGR0JRI3d3d2oVqtNZcPA8MiYpW621EWz/+pAMBsEEofEpQjrxcI7yoalLv5FJq92dOAQoGw2a8bjcdRqNTrEUK5st9XtnNm+g7omQ+O698mt1YZN4LQdNJttWmEIZaNZ+5a/hLnfaSg6w0B4CApj9WsPj3kOlNAGt4DPNqdJmUH9weCjvvSFTmKo/xxqyh6K31/L47OhwKvbv2SLQDTHnkhhWfRA5xomRm7CoLXliCaisruB0YELkLWGc2X95e6p+85Q24G4BZfL1aybXCi6ZoG/7XwG4zoR0kQaDFW1hrGjFyGzuvNNaXHH2XLwNpfLQZZl+P1+HPa4iUCBbug40hNDf88gIgEJh1we9PmjyG8sYenL4lZdw1mHbT2dTk/SPNyLRCJnjksn8GB1Cgo506gU4UYKD+O8lMD79WUsrD3/qem4VJkxPzr2v8ZUKpUgolmKUfsxibwcncPpwXG8WFsoa9wCf2rPwb980l3HnsFd3gY3pM0Zs2Tv/wEq26vP9fcF2QAAAABJRU5ErkJggg==', 'btwigleyo@t-online.de', '8329541657', '3 Northland Drive')
,(26, 'Damien', 'Iwanowicz', 'data:image/pngbase64,iVBORw0KGgoAAAANSUhEUgAAABAAAAAQCAYAAAAf8/9hAAAABGdBTUEAAK/INwWK6QAAABl0RVh0U29mdHdhcmUAQWRvYmUgSW1hZ2VSZWFkeXHJZTwAAAJlSURBVDjLlZJJa5RBEIaf7q8nGceJRMkiKCJIEEVUXMYtp+gxKBIQXC4iIjl496IomJuiv0BQD0HBQyCHgCIqxn29CYqKGjWZaGRiJjNfd1d5mJhE8KANzdvVTT1db1Hm8p2xE6ocjiqLRYQoEESIUYiihCizdiQGJYo87jnQVgBwonq0q9DQxH+sk1ferP59dlGkCaDv7UWCBEIMeAn46Gc0hum3Y1t68D7WzwIoAPtWHvqn3ycqAR8iM4AoAPTeHfknwM4NC0hnA8IUAGBvewtXB4fZs611+u7ag2G6Ns/Eo6XKHxWYc/1DeqijmYEXY1gAYzAot18UaaiHchqYn6/j88gkxkI+lyBqGCtNcvP50CYXo6CASwy7C830PSqyq9DCwL2PdBSWs2tdnv4Hnzi+f8UfVi7dKiJiHlofBRVwFvqfFkmSmparnu/jAYDrT4anEysBSlUo/kgxRrA+CKpKJoHO9c1knaFzfTPWGhIFH4Wz3esQUaIoCULOCdVqldJEigtSa2JiDTdejgJw4+Uo2YylUvWcvvIeayBEQabsqioo5DKCDSHUemBhx5omXFLTIEo1BhKbwRiHIcGYBNSiavAhkKYB52PNwqoleb58n2RZ6xzeff3JeNmTMY7uzgaCpIAFBTVC1tVxpvcD30oTuBh18FTv67VplLk+RHyIxCBTfjMIk1x4doSm3BIMlmL5I4c3nseSpVxNcWcPrmj/28TtOX1fly6E1vw429cUaKxbBBZ+VBbRMjeQqwNnDEZV/zqyG7qvD7YtnrO1sb6RrJtHEI8RwWhETJlXH94yUvL8AgiPWj6e64RKAAAAAElFTkSuQmCC', 'diwanowiczp@google.it', '9276708775', '77250 Mifflin Road')
,(27, 'Shayne', 'Gouldstone', 'data:image/pngbase64,iVBORw0KGgoAAAANSUhEUgAAABAAAAAQCAYAAAAf8/9hAAAABGdBTUEAAK/INwWK6QAAABl0RVh0U29mdHdhcmUAQWRvYmUgSW1hZ2VSZWFkeXHJZTwAAAHtSURBVDjLjZNLS9xQFMe138C9A/0OynyBUjeFQjduROi2MMtCEalS0ToLEdQMdEShoKDWRymKigWxII7PhaB9aBFUJjHJpHlnnvbfe27NJcVIDfwIyT3nd885cOoA1BHsaWQ0MZL/4SHjgciLCJpKpZJVrVava7Ua4mDnkCRpKCqJCpKU7HkefN8X2LYN0zShqiqXKIqCTCYjJGFyPQkooFgsolwu8zfhui4sy4KmaVwQBAHokmw2+1cSClpSUmr12MP7LQunii8klOA4DnRdv9USn0koePRiJDW+aTGBjcOLgAewlnjfYSuFQoFXIsvybQF9jG2avIKFPQtzOyZmcyZMtywkVAnNwzCMeMG7jV+YyFmQ1g30L2kYWitAWtZFJdQOzYREsYLhzwZGGF+OHez/9PD2k4aeeYUHVyoVPheSELGCwRUdA+zG/VMPeycu3iyo6J5WxDxIQFA1QtCauUwPrOpIPh/vSC+qSC/qPHn3u4uu2Su8nsrzZKqAoOR/BO2j+Q+DTPC0/2CdSu79qOLVlIyXk3l0zsjomJYxv6ELQYgQPOk7a2jpOnmcaG57tvuD3fzNxc5XB9sEm0XuyMb5VcCriBI7A/bz9117EMO1ENxImtmAfDq4TzKLdfn2RgQJktxjnUNo9RN/AFmTwlP7TY1uAAAAAElFTkSuQmCC', 'sgouldstoneq@harvard.edu', '7417537604', '935 Portage Hill')
,(28, 'Joshuah', 'Goodered', 'data:image/pngbase64,iVBORw0KGgoAAAANSUhEUgAAABAAAAAQCAYAAAAf8/9hAAAABGdBTUEAAK/INwWK6QAAABl0RVh0U29mdHdhcmUAQWRvYmUgSW1hZ2VSZWFkeXHJZTwAAAHiSURBVDjLjZNfT9NQGMbBb+C9GD+DmH0BvQIXECJKEGUmXpp4TyAQAtdotsTFxAs/AFeEhBsTjHEOZFKmMOBCuNnfzHbrunb9cx7f99SVbtkCTX5p057nd3qe9gwAGGDouEUME5EruEPcCHIhwbBlWZrjOJ7ruugFPUc8Hn8bloQFEQ43Gg0YhhFQq9WgqipKpZKUFAoFJBKJQNIOD7KAB5imiVarJc+MruvQNA3lclkKms0meJJkMulLugUcbsMCDigVA0u5Fl4foWNJspNuAS0jGMDXimrjVVZg5gB4fiDkm+Tz+f6CbhZPBaZ/AisnLo4rDdlHtVrtFExmzNv3P31Z2yh52Cx7MB0/rGgepjPA033g47mLYt3vpF6vXwqmfuFu7DeKL7PA3CEwqwCq5QtWzwQm9oCxNBD9DnwuOrITJhDMZLHDwcmUnlv/I/D+Qvifq+niyQ8/vJwTWCVONVuWy//DpUDB32dUUOTd1nx73RXTxcKxwMMU8EYRskzbtiUc7hCMZfBhitb4KO1ZMSrrBfF4Fxj5RvfotQ9VNwiHCQQPdnFzNI3taMqzxikQpVlHKRzbF/ha8eTsvej3GUW/fdADLxD8l9yjggx+cJ0wjdXl7g0Jhlhyje3chrf+0D9WXtarnqRU7gAAAABJRU5ErkJggg==', 'jgooderedr@toplist.cz', '9014760968', '722 Novick Avenue')
,(29, 'Gerianne', 'Mordan', 'data:image/pngbase64,iVBORw0KGgoAAAANSUhEUgAAABAAAAAQCAYAAAAf8/9hAAAABGdBTUEAAK/INwWK6QAAABl0RVh0U29mdHdhcmUAQWRvYmUgSW1hZ2VSZWFkeXHJZTwAAAHoSURBVDjLpVM9awJBEB2DKIoocoI2goXVgVhoYam9bep0XqX+DU1pZ6EhpZ2FYGsnot2BqJUgaiGCd/j9tZlZvc2ZjyZZGPZmb+bNe49dC2MM/rOsXw9Go1EcQdMYSYwIDbheryruLdwb0Wi0Z663mBlgs4J5TpIk2el0gt1u5+f7/R7W6zXMZrM+gpRisVhZNBEAxXA4VAaDgYbFjBbtuq4zTdPYbrfjZ5vNhnU6Ha3dbitGH2dwp/0eCoVkmrparQSweYjP54PtdgvdbpeYvKRSqd4TFWCSJtpGc6FQgEqlKpqLxVeoVt8AGQFJCwaDMrJJCxPJMPpBWhEMboPZ/ZvxbwMMG8Hr9VJtks4MBhGafjgcHigbAIRhnBGAy+WC8/kcEQBmrdR0+3402VxzPB7hdDqBmYFK5thstjsAExI+81szSV0ulwSgCoDL5dIigxwOBy+SJN+DBHLfYEE10+mUJLSEiai9MR6Pn1Gb7Pf7QVEy4p7QBcpkbrnb7Yb5fA6qqvYxbQgGiUSih66W8JLoRM/j8YDVauWm0k5BzXgTodls6uhBCUF7365yvV5XUFsuHA7LgUCAA6E8WCwWMJlM+GTMS/l8vvzjW6BVq9XiSDuNQPwxoVZuMkYLmTSy2ezvj+kv6wM24KX3CYk6PAAAAABJRU5ErkJggg==', 'gmordans@networkadvertising.org', '7765922551', '40281 Vidon Court')
,(30, 'Laurette', 'Evers', 'data:image/pngbase64,iVBORw0KGgoAAAANSUhEUgAAABAAAAAQCAYAAAAf8/9hAAAABGdBTUEAAK/INwWK6QAAABl0RVh0U29mdHdhcmUAQWRvYmUgSW1hZ2VSZWFkeXHJZTwAAAHwSURBVDjLpZM9a1RBFIafM/fevfcmC7uQjWEjUZKAYBHEVEb/gIWFjVVSWEj6gI0/wt8gprPQykIsTP5BQLAIhBVBzRf52Gw22bk7c8YiZslugggZppuZ55z3nfdICIHrrBhg+ePaa1WZPyk0s+6KWwM1khiyhDcvns4uxQAaZOHJo4nRLMtEJPpnxY6Cd10+fNl4DpwBTqymaZrJ8uoBHfZoyTqTYzvkSRMXlP2jnG8bFYbCXWJGePlsEq8iPQmFA2MijEBhtpis7ZCWftC0LZx3xGnK1ESd741hqqUaqgMeAChgjGDDLqXkgMPTJtZ3KJzDhTZpmtK2OSO5IRB6xvQDRAhOsb5Lx1lOu5ZCHV4B6RLUExvh4s+ZntHhDJAxSqs9TCDBqsc6j0iJdqtMuTROFBkIcllCCGcSytFNfm1tU8k2GRo2pOI43h9ie6tOvTJFbORyDsJFQHKD8fw+P9dWqJZ/I96TdEa5Nb1AOavjVfti0dfB+t4iXhWvyh27y9zEbRRobG7z6fgVeqSoKvB5oIMQEODx7FLvIJo55KS9R7b5ldrDReajpC+Z5z7GAHJFXn1exedVbG36ijwOmJgl0kS7lXtjD0DkLyqc70uPnSuIIwk9QCmWd+9XGnOFDzP/M5xxBInhLYBcd5z/AAZv2pOvFcS/AAAAAElFTkSuQmCC', 'leverst@weebly.com', '6332757982', '52 Monument Way')
,(31, 'Rutger', 'Chimienti', 'data:image/pngbase64,iVBORw0KGgoAAAANSUhEUgAAABAAAAAQCAYAAAAf8/9hAAAABGdBTUEAAK/INwWK6QAAABl0RVh0U29mdHdhcmUAQWRvYmUgSW1hZ2VSZWFkeXHJZTwAAAIhSURBVDjLjZPfS1NxGMbPjX9Bl/0PXqQzIYIEWWIpRFFBQwyNQqhG4VY0dUK0gXQh+KMhu2nKIAkpAu0wkBA0f0QRtoLuFgSbOmSbZ+estsf3+e6ssE7hxXNz4PM+7/d9nqMB0A6jr3Var2hJlBFZorKochhwUpQmkO65iC3/DWwP3sJO0Av59l/QI0qlmuux5buO7EMvcuM+5AInsRdqxo/5ART92j/hqMhIX7uMbOgudu+7YYRdsMaPozRZ1c/EIKwHmiM8KyptD9xEbsyHQvAYSjZozZyC+boDxbeXYKUmkF9vcHQu7QzdRn7KD/OxqwrGW1B8cx7GZheML1eVrO8R5N+5/nqzQWfC1miTgs1X7TA+eBT0bdOD5yudCCRaMPF+CEej2oEBKb6Za9ecTb0TRrIbewLPLnegd/4E2l824vSLBoQ3AjgypR2IqpJ9dAeF4cbfzgJnPnVhZLEVZ23wSsyHvkgcMf0jzvTP/RqQZlSF6D11ML6Za9OZcJuA555dQN+TOKb1JGb0z3i6kKwOsBtWZs6Miu7qYPbadCYcjCUUGJ5eQ09IJ2yKVjlgiQ1jSZgzo+K1eTC+mWvTmbB3dLEGumu344AM68mGqbdLznTntXkwvplr05nwn73hAIvdZj3V+lISDmBUyj1SdbfXdjsNKPPHYLdVPaVhLAlzZlS8tn0w06n2HFDhX8Ufg91mPdkwloQ589K2Vp0G7AOR2a7+EgKeFAAAAABJRU5ErkJggg==', 'rchimientiu@rakuten.co.jp', '1138392712', '1 Eagan Circle')
,(32, 'Tabatha', 'Murphy', 'data:image/pngbase64,iVBORw0KGgoAAAANSUhEUgAAABAAAAAQCAYAAAAf8/9hAAAABGdBTUEAAK/INwWK6QAAABl0RVh0U29mdHdhcmUAQWRvYmUgSW1hZ2VSZWFkeXHJZTwAAAKoSURBVDjLdVNdSJNRGD4RRJfdJP2ReBH9eGMQGWVXwoggoosIKooMf0jQG2/EJFOstB+VcpvObX6ub7TNWTIW4Wxtc3PR3GTKVAyd4mA6xT6VgbWtp3MOKTL1wAOH95z3eZ73fc8hAEg6XC7XM4vFEunq6vrLwPYsttPdbQGz2ZxhMBj+IG2xmF6vP7IjwX/FMFVLUaC3txdjY2NIpVJIJpMYHR3lMXbG7rC7G444AWVf36o2MzOD7u5uBINBDpPJxGNpjtY5QU9Pj5YCoVCIKzJ4vV5YrVbodDoOtmcx5iaRSGBkZAQsR61W6wlVSkxMTMDv9yMQCHBFpp6+NhwNDQ3B6XTCbrdDpVIlCLUnra2tYWFhAVNTU5iengatD5OTk5uO2H5gYADj4+Ow2Wwcw8PDaG9vl4jRaOQEKysrWF5exuzsLLfr8/k2e8BUy97noVB7Fl+/2eBwOLjbtrY2iTWQE0iShKWlJcRiMUQiEa7KSnO73VyxuDMXTy23cUt5Cv32Pi6gVColQmf7Ox6PY3V1FdFolCeHw2GUi5dRpruAEuEcCtQ5ePzxJoy+FlSYrkPWdAiuQQdaW1vXiSiKNtaQubk5XgYjYb0o1eXiU0AOs/8dT/zga0ZzfwUEbyNKRBnOP9+PV28bPISOaR99HIWCIPxk3Z2fn8fi4iIe0npZ8pu+cjR8KUX95yLUWB6g1loMpasOdzvzcOIJSW4+Sa1Wm6HRaOrpbH95PB7cUZ2G4UczxO+vIQw2QuN5QUkeQeGqRZF4BVnVJHa0kuRs+wsdHR3ZdL7iDUUWrrYcQ35TBi69PIB72ouQO2tQoJMhs5pED1eSMzt+pg3QDssUCoVdLpe7abOuZdftid8X8pFZRSI0+eSuv3E3UMvx41V7cbCSZG2N/wO9JP1FmMH3ngAAAABJRU5ErkJggg==', 'tmurphyv@google.com.br', '8849280843', '35 Hintze Point')
,(33, 'Blakeley', 'Allchorn', 'data:image/pngbase64,iVBORw0KGgoAAAANSUhEUgAAABAAAAAQCAYAAAAf8/9hAAAABGdBTUEAAK/INwWK6QAAABl0RVh0U29mdHdhcmUAQWRvYmUgSW1hZ2VSZWFkeXHJZTwAAAKnSURBVDjLjY9NbFRlGIWf+zfToTMFWjKUQrTlJyk1FBYYlI0KkuimceHKsGGhG2JcGKNxRySBmBj3JG5YGMJKF5poNRAbfxJDCy1UsJZGbaCddmY6c+femXvv970va9ox8SRnd/LkPI6qsjnp7PBBFb2pyqCKeCokKjqPcKH3xeWvnxqr6pa2Z54Js8dXVeM51davqo1JzVavanNq6K/NW58uUStFf8dx6DwCU4esjpsvIUYObN52BYgFSZZxsg3QDra9BImLNVt1/+OBYpu3yFa/Q5IWEjcIBk4gBv7nA8HN7yXoO4wmK0iwDVHBGtkKSGae7VPReRUZVMFTq4mjDib8A1ObQzstbBxS2D/eXUGsfOyXP9gb7J4A7YCN8lm0SPzgAoVdJ9GeFbx8HdRgM7oB9EO//DqYJtgm2BZ+oUwWVfHcebQdYqOQwCljsy4K1gASoaYFmiLJGqRtjBFy2w+iPRVsvsbNapEbG6dofv6GhnEj3GjVPv320p2LvhjBRgvYjWkkXUWTf/H69mNTJandR+OIH1Z7udvr8/JLr7Cv/xA37n1V+u3u1CdnPxo87tpMcYIBvMIIfu8ofvEYqMVkSn7nIXL9e/hmpcSx0aNY13J0zxmsk/HCkZP8HbkTrjWC47qYeAHTnMU0b+MXn8OkShatk1YrVMIagVNk4vC7ALx/+goHyuNkiuPajOvt9RmC0hh+aYyg/wRx9SFevh+7bYie0VcJwzXuPfqFy5PnALj8/TkWK7N4DtZ7783CPjfX95rbU8TxHbK0Rrj2J+Hywo+Nf+7Xqw+md7Uhmq5X88O7h1mPl2lEFX6+M8VQO/7JeXhtYEQM74iVM9ZyRAxzYnVSLFfGz9eXAJa+2Dny2WLuy9mW93wqeDkHO1Ywv7+9o/PWEyzemnF7ZfggAAAAAElFTkSuQmCC', 'ballchornw@yellowbook.com', '3613398604', '3 American Street')
,(34, 'Ingunna', 'Lewer', 'data:image/pngbase64,iVBORw0KGgoAAAANSUhEUgAAABAAAAAQCAYAAAAf8/9hAAAABGdBTUEAAK/INwWK6QAAABl0RVh0U29mdHdhcmUAQWRvYmUgSW1hZ2VSZWFkeXHJZTwAAAJ7SURBVDjLpVNLSFRRGP7u3Dt3JnMsdcAeNjrgAyoqWiQUZBYi6aYiFbEWbdsZJNEqaBO0bxdkENRKMXobmQVa4SPBfMyoPdQp9To6zfvec07/vTo4TbPrwMd/zn/v9/2vcyQhBP5nKekHbbjmvuDioikqOAc4Wba+t5DaM/69uG6o5B8BIrdu87aaFmDmj2wTBkN0+RPia75wivyXwPLgiZuqq9wGCqxrnRC6Aa7rEEkddvc5xFfHTTIjsis9qG0zOm93bj8IFp2wogl9HXb3GSTDc4it+sAZr8zsgSWw9PH4eXuOR4WkgkXGLAHODMi5hymLCEWfAkuEGjz1I9NZBSj6PUqfiBGCsVGzAZvDg1hw0szgqqdh5Gm2KUi/+o9Vyap7wFV8GsnlbnCqWVDtPB6HWnQWmu+BoK4nUxPgVnMtrJVf8Bcp9KFbdVWQQ4eSV0fWsEoADUIYHPklTZIwdMf6NDjCS0OUlS/KdXbUmgKpOsILbxNpM7ZsvrfZEZ99RG3ZDXvBESy8eQ1tcBKJxRCYLDTiNlZewi0p20389vhAb96uU9WKWkhZ6JjreQZjUUZFTSMc3n2Ijb7El3evWHBivM2WrTGURbXicCOyNArN34VA3+e1ciI7p3shdbQgZ6YTpSWFspBEm5JJ/tq1f9jpKkM4MICoNrVCYnsR5QHnDi9Qf2XzDdzYCZlLpUoGORfCdigW9IPpydtlLVPtpn+mQ5mPjjwp3tp9GYnYT0TJ9zskUy+wYMtI/QMRFwmuFNlcOQVFd8f6+4xAfAtCsh3BFQn+eYnajjuwXt4G/A8rq9LP6XjfvOfai1p5tuekwsn+eF4rXzf9fwCYD6X48OnVRgAAAABJRU5ErkJggg==', 'ilewerx@bbc.co.uk', '8942851809', '4 Forest Dale Parkway')
,(35, 'Godfrey', 'Flavelle', 'data:image/pngbase64,iVBORw0KGgoAAAANSUhEUgAAABAAAAAQCAYAAAAf8/9hAAAABGdBTUEAAK/INwWK6QAAABl0RVh0U29mdHdhcmUAQWRvYmUgSW1hZ2VSZWFkeXHJZTwAAAH/SURBVDjLjZLNS5RxEMc/8zyPz25vLFkEUodfhpBFGpQhXSoivFl/Qp46RJeC7OQpSAJZglow6BDsKRCCoEMdKgwTUShfLtZidFhpsyV7xM1dfjPdZLXQndt8GT4z850RM6ORyOVyliQJ/f39Uq8HNBiqysTExD96VJ8MDw8Pmdl5EWkB9gNNIoKq4pwjiqKtAdVq9WZPTw+pVGq92HuP9x5VJQzDrQGqSiaT4czIXnZESkUFMPbENZ52f99+giiK8N4joXH7nBAFhgBD0xG/q7o9IAgCarUaEhhxCJgRABIaGI1NoKpICAOjYAIigICZ3x4QhiGqyrOOWVR13TzvPZkw0zhgJMmTSqU4/PkYra2t7HvwhMmr3UjbEteyVyxZXU5+rZTvv7z36a7Uf2I+n7euri7K5fJ6ZzNjpviBctM8p9pPc6i5jTdzzxmfHeXrl6Wh4H8eFAoFVJWFhQXMjMlvbzl5tBMfeDpbLuGlRveJswDXg80rmBnOOQCcc6gqP5MSTbKb3vYbANy6+JgjBzoA0sHmM6oqi4uLxHFMqVQinU6znJSZK44x+LoPgMFXfRRK0wB/NgBEZKVSqeCcIwgCnHPEccyF45cZnx4jJuLFTI5YIt5/fAfwaIOJ2Wx2YGpqqndtbQ0RqQeztGv+4OrOH82GxkAC5MYfFu/8BdnT67i+1n1kAAAAAElFTkSuQmCC', 'gflavelley@telegraph.co.uk', '5364494613', '41 Prentice Court')
,(36, 'Eran', 'Arkcoll', 'data:image/pngbase64,iVBORw0KGgoAAAANSUhEUgAAABAAAAAQCAYAAAAf8/9hAAAABGdBTUEAAK/INwWK6QAAABl0RVh0U29mdHdhcmUAQWRvYmUgSW1hZ2VSZWFkeXHJZTwAAAKtSURBVDjLpZPrT5JRHMfdetn/4evet3QrhGayZathrbwNppMU8ckFONEhoiGFeMNL4o3yBoi37lQQ89rYypaLIitTQVSUWKC9+Haeg5P5svXi+5zf7/t8f59zzrM9SQCS/kf0MeAKKfudodWe19vofhlE54sg2p4F0Px4A43T69BN/ET92A+oLd9QPexD5YMvUAx4F44Afc6dYCT6B/+iW73LsSOA6dUWNWEWAQNCoDcXMN0AOrKAtstAIx9o4AHqs0DVGZqVdH3AEaDLETwEkGGHHHheDjyVAk+KgclCwJ4HjF4DBgms8jTNFhnfJQDt5L7HTtCfD/SRoZ4coPs60EmG2wVAKwG0XKJZYbMnAWghH4s1H74JsCaG3X66jszEe8tsvLfPxdfgXhQ5+sUEQD+1hvDvAzpgYTW7CetsALb5AOxEUvtNlIwVodhaiOm3fnzdCOOqdi4B0I2vYo8AbPOb8Z0O18nF+AmYcQla39+DZExM+89re7iimUkA6mzfsRs5wMTiJmwzq2CaS6GuV8NkMqFGcweMWQJmVIKKGgX1tFodsuVdSElJOUkBqpEVhH7tY2phnQYMBgP8fj98Ph+cTifqG/QwtnfC6/VSz+1200xGRoaWApRDPgpo7JnAbZkCnqUl5DO5JHABIpEITU1NkMvltObz+VDXaiiEYZhdClCYP2GHAMoq6qDRaCggFoshjcuDw+GAx+OBy+WC1WoFj3cega0wBahUqigFlPctYzscw/1eMySSUgqQVSjB4XDA5XKRmZlJxdYcThqUVdUUUFBQEKKAMtNHd0nHUiRb/QgXs/KgvWuAecgCm80Go9EIqVQKmUxGa9YzD1qg1ekPyHWWj/2aycnJJ1JTU0+lp6evCIXCiFgsjhLtCwSCbKJzpA6zHvuOzbDZv+ti+O9p0FSiAAAAAElFTkSuQmCC', 'earkcollz@joomla.org', '5771662048', '95900 Quincy Pass')
,(37, 'Ches', 'Robbey', 'data:image/pngbase64,iVBORw0KGgoAAAANSUhEUgAAABAAAAAQCAYAAAAf8/9hAAAABGdBTUEAAK/INwWK6QAAABl0RVh0U29mdHdhcmUAQWRvYmUgSW1hZ2VSZWFkeXHJZTwAAAJwSURBVDjLjZPdT1JhHMetvyO3/gfLKy+68bLV2qIAq7UyG6IrdRPL5hs2U5FR0MJIAqZlh7BVViI1kkyyiPkCyUtztQYTYbwJE8W+Pc8pjofK1dk+OxfP+X3O83srAVBCIc8eQhmh/B/sJezm4niCsvX19cTm5uZWPp/H3yDnUKvVKr6ELyinwWtra8hkMhzJZBLxeBwrKyusJBwOQ6PRcJJC8K4DJ/dXM04DOswNqNOLybsRo9N6LCy7kUgkEIlEWEE2mwX9iVar/Smhglqd8IREKwya3qhg809gPLgI/XsrOp/IcXVMhqnFSayurv6RElsT6ZCoov5u1fzUVwvcKRdefVuEKRCA3OFHv2MOxtlBdFuaMf/ZhWg0yt4kFAoVCZS3Hd1gkpOwRt9h0LOES3YvamzPcdF7A6rlPrSbpbhP0kmlUmw9YrHYtoDku2T6pEZ/2ICXEQ8kTz+g2TkNceAKKv2nIHachn6qBx1MI5t/Op1mRXzBd31AiRafBp1vZyEcceGCzQ6p24yjEzocGT6LUacS0iExcrkcK6Fsp6AXLRnmFOjyPMIZixPHmAAOGxZQec2OQyo7zpm6cNN6GZ2kK1RAofPAr8GA4oUMrdNNkIw/wPFhDwSjX3Dwlg0CQy96HreiTlcFZsaAjY0NNvh3QUXtHeHcoKMNA7NjqLd8xHmzDzXDRvRO1KHtngTyhzL4SHeooAAnKMxBtUYQbGWa0Dc+AsWzSVy3qkjeItLCFsz4XoNMaRFFAm4SyTXbmQa2YHQSGacR/pAXO+zGFif4JdlHCpShBzstEz+YfJtmt5cnKKWS/1jnAnT1S38AGTynUFUTzJcAAAAASUVORK5CYII=', 'crobbey10@dailymail.co.uk', '6923776688', '9480 Hazelcrest Pass')
,(38, 'Bebe', 'Detheridge', 'data:image/pngbase64,iVBORw0KGgoAAAANSUhEUgAAABAAAAAQCAYAAAAf8/9hAAAABGdBTUEAAK/INwWK6QAAABl0RVh0U29mdHdhcmUAQWRvYmUgSW1hZ2VSZWFkeXHJZTwAAAKFSURBVDjLjZPPb4xhEMc/z/vublvt292m1TZoo4RI4yAhgvhx4OBHSFwkHCQuuEq4SBxcHPwD7EEcHCQSiQMJCbcmRCKkhBQtitKu3W139919fz0zDos2Iphk8iQzmU/mOzOPUVX+ZW/u5IZS6b6J0sTngfUna58W5hz+wzTRxx19hxCrL37Ppf5WOH4v24XlmNd/uCe3bAeLV77IPs23n27rMlfWHKqVAcyfJLy5nYuNo65xc6aj5yBe/zZcLRNHDuUPD/ALD7CNqvjTon+UUPqYnI3iLSY3eIbuoQO4zBKXRnC1SO/qvXQOHMWP1jrFWTlnxm5veNbaOTxszEKWUvn8uJRqGegb2nqKuHAXaUyBxjjd+3l1P09h4tmRPRfC6ymjzpqBrVfTxhjQZjHGkATf+sZubpfK5EOnvWsQt30Y67+lMvWc6peXo3suhNebQ0w0QKKW8OslbOSC04kxHq1LdrKoe7njpD0St5fy6/t0r9hMJvOOlHFXzW8hNo5KhI0yqCjSmKRReEfhyTWSqSLF8Ru/hE2NvQSgv2t12zzAaKskDfwvM4TT40hUx23JsmxfnpnnN8hkV5Jdug5+bMsvF5i+dXzBHcQOqbZeFm86CwioolIlnhvBy1VItYwSzzxCrY9KnY7B80wDd0846d15iVPEqmoDpD6K2jnUVpHgPajgpgVNfFRqqK2htg4qAOzOS9zsIERVEiQuoMlcEyIhaAIaolJHrY8kVdRWwZjfTjlSNVg0KaHJbNPt3DwsqaK28kNCgISTAMEvgEZSTurFRXEt4yGeo5oG8UB7UBsCEeo0X+NYbBCoRhLOA4Lw4sTlgxtRdmHw/v4tATMSIXrtZ+g7IylnbI9OutsAAAAASUVORK5CYII=', 'bdetheridge11@usa.gov', '7516912292', '5 Cascade Terrace')
,(39, 'Lawrence', 'Cottis', 'data:image/pngbase64,iVBORw0KGgoAAAANSUhEUgAAABAAAAAQCAYAAAAf8/9hAAAABGdBTUEAAK/INwWK6QAAABl0RVh0U29mdHdhcmUAQWRvYmUgSW1hZ2VSZWFkeXHJZTwAAAL9SURBVDjLddN9MNNxHAfw31/Vf6LoLq4HRVdxpaurDnEdESepUxTCJVe5U52eyFNFp9iMeS5n19ZankZu2q3IUOZh2WweaiOnyeSI8tBF775bl0vmj++fr+/78/l8vx8KALXUUTDpyzqYtF1dLHr0YJOoWvNWKFVw0lr5Ab4clqtjJG3bRguDsDObvkKZw/BXZjNaZEzabBc7B70CNsZ6lRj7IENXaR4Ytpt/3TE3bl+Mc+imnbkZdIJnx9VKaFtEGGx4jh4eDd3P0qGVv8Gw/C0UHBri1xp/W4CVzDQPZRa9U80rwJBEAG2zEFPDn6CuzEdbeiQaEwJRF3sKfTWl0DSLwD9tNzOPO+j3PDsyUlV9/EJM9CuhEZdhUtuPbpI8M6pFK+MKqs85oOSYNarDXdBfVwlpfvxPPZalJK6UpSaVq0vy8LmxAgMiDqZHNOhkJaHuqifkBQlQV7P1mOdtBe4RK4iiTqLxfsRPqi3++nLp3diMtqS4uXG1XI+/D/ZCxc8lA2vHu+xoVPhtn8dPvDaB7WmF4kBHJFqYTlKSG5d9JDFRfR946fqyp79ooChMwKsIZ9Tf8oeqqmgBfnzYEmUhzuD62eP8mpUjVENk+IN2Rize81Ix/K5WPzBdsjTrBvgnti7CLHdLkn5Ah+fC1hg1UuLLwbWyzBjIc66hJSUMr6M8ybQDDCaz3DaiJMgJT/wdQPBkqJnRBUolYA8pHt2GJDkE4ptHIQx3NJxMcKHrBjwNcNThOYKbg8yMllOqF5yv2vYG1Mf5QRC8G+W+Wwxjl/XgkdKz3e1A8ATBoboXpJroUaNaqRgfa8ogOGtvEBe5b9bjzEM7dHiAYN+//4fKXLda+b7iITQSEdRCLirO7AfX2xpcHxvw/Pb86fmUA9IP2uqwhmCPf38vlWphUld8fB96ygv0l/S9LEbVRS+wffch120nkvda6XqeIriMYKf/d4dKNjd2JltVmWhu8ll4yWuqlRn9QxwfNBltvqqbPFU5wdcJtllq5X8DFM+Gyf3nvIYAAAAASUVORK5CYII=', 'lcottis12@abc.net.au', '3922163237', '5 School Drive')
,(40, 'Lamar', 'Redmille', 'data:image/pngbase64,iVBORw0KGgoAAAANSUhEUgAAABAAAAAQCAQAAAC1+jfqAAAABGdBTUEAAK/INwWK6QAAABl0RVh0U29mdHdhcmUAQWRvYmUgSW1hZ2VSZWFkeXHJZTwAAAArSURBVCjPY/jPgB8y0EHByf/4IVDBHzzwBUTByUGgAK8jX/zHDxkGQVwAACuKdiqzzuaTAAAAAElFTkSuQmCC', 'lredmille13@cargocollective.com', '8857400908', '5 Cardinal Alley')
,(41, 'Wally', 'Lequeux', 'data:image/pngbase64,iVBORw0KGgoAAAANSUhEUgAAABAAAAAQCAYAAAAf8/9hAAAABGdBTUEAAK/INwWK6QAAABl0RVh0U29mdHdhcmUAQWRvYmUgSW1hZ2VSZWFkeXHJZTwAAAJaSURBVDjLpZNPSFVREIe/c9/r+tD36vW/IA2rTUYlZbp0FQTRQqmgXFW7loIra+NWCFxFENQmgsyEQnGlSIFUVIsURKuHBZmlWWnee985Z6aNaWa0qFkOwzczv/mNUVX+J9K/J9yAyarSrMIxEWpVQYUnIvSpcCV3Qud/rTe/TuAGTL0KN0xFS6XJ16LhBlCPRtP42Rck4+0FEc6tb9DBVQDXbxo0X38v2NaElq7DL4wiyQzqYjAZgswejA1I3naSTA02bj6t3UsA2282qDKR2n87K8E3fFwAO4e4BPUx32YWePk84kBdJfktNXwdOj8vws7tTfo5AFChOdjZmtUQJCnQdfUZXdfH6L45Ab7I2MgCmRLP8ONxfPKa0r2tWfE0L4kowvHU+jp8PIy6iMYLu1EXoz5BbcyhGhBfRG2M+/KMcOsZxHMcuPQTUEXJWiT6gorlzcgmTDqHQUEVWNTJOXbk7wMJ3lO5NIEKkbo4xDvwRcqPnAUTrjiviqc0v525x12gigip5RU8BWxUDSEqlmy+jCBTsco06mNMUIr4NDbhFUCwuEKPnX6BCStQAff1EahbBbAzg6TXHiSansAW6VkGeDoWRtrmcTmCsJzixwckk7eR4qfFzhHFqV6S991oyUEmH7bN24SOFUb6dMecTG8+2pmpaITUHG72KT56j7oYk86RylXj2cXsaC+zY32nDrXq3VVWnrxljornWllVS2W4cR/BmgDE4RLP98kxPgy1F5zl4uFL2vfHXwB4d9NkxdMiwjHvqXVFcJYnztLnLO01l//yTP8SPwD79F9Uvnnx1AAAAABJRU5ErkJggg==', 'wlequeux14@bbb.org', '9922320024', '6 Hermina Plaza')
,(42, 'Lenee', 'Ellaway', 'data:image/pngbase64,iVBORw0KGgoAAAANSUhEUgAAABAAAAAQCAYAAAAf8/9hAAAABGdBTUEAAK/INwWK6QAAABl0RVh0U29mdHdhcmUAQWRvYmUgSW1hZ2VSZWFkeXHJZTwAAAJ0SURBVDjLfVJNaFNBEP5e8tLXkKqtSa0kVYKplFIsFNSTIgiFhoL04FnsQYTSW66BkIcezMlTD1LQS7wWjIdA6qEVKq1ixAqSWBqMFWJ/EtvUtMnb9+LM1kispAvD7s7M983Mt6vU63U01uiDhfrErT68+VqEJeowTUuaRSaEhWsBN6bj7/Fu+rbSwKhoWpZpwrLqEMYfoDjcTXFogkmF2QyBrfnyt5phQtRM+DQT1901GHQ2yCcJjyOwKPirYsB7QpOggY4aBtwqTioGzp1yYq9SpSLHdmDqb1d+wKOp6DvdBrejhq6uLgy5LZxxtWEpvc5F9JYEC4+CkU/ZTX3pYwEXnAbO9vSgs7MTbqWMpQ/fsJIp6J/jdyPNGIVfIZ1OO4UQ/WR2wzDw9PXP+6OD2r0rQxdlUqFQwPNXXxLDXhHleK1GuhjGZigUykuC5eXldYfD4eP5iEQat26z2VCtVqGqKjY2NrC1tcVAGd/d3UWxWLwjn5Gck/v7+3Gfz9fBLe/s7KBSqUjjAkzcQ+MEAgFomsYFkcvlXhBuVml8pFQq1UeOl16vt7+9vR3lclkCOc7GPsuykEwmTcqLRKPRh/+IODIyskqzXc5ms7Pcpt1ulwA2JqARGVyknGAD/N8rjI+P71FCant7WxKwBrwriiJJSI89XddTLZ+RFyWNeTwe2bLL5cLBwYEUlM+0nyflL7UkmJmZcVIHN3t7e5HP55FIJFbn5+efLS4uolQqwe/3s+BjLQkIfKO7u9tJs7LST+g+HIlEJjKZTDAej39nPY4SqEfa962treUIOBkOh5MNfywWS05NTQ3Ozc09pj9wtRnzGyK4jfbwxX10AAAAAElFTkSuQmCC', 'lellaway15@nytimes.com', '6113019495', '66150 Pierstorff Lane')
,(43, 'Sonnnie', 'Tawn', 'data:image/pngbase64,iVBORw0KGgoAAAANSUhEUgAAABAAAAAQCAYAAAAf8/9hAAAABGdBTUEAAK/INwWK6QAAABl0RVh0U29mdHdhcmUAQWRvYmUgSW1hZ2VSZWFkeXHJZTwAAAKySURBVDjLpVNfSFNRGP+de++2a66Fm3PNdKArUnCaiSijPzCR6qGg3i2itygQetDHXiIf6qWaYBA9+BL0EGhPlZUwQoQo1mpsAxss1Klzc3O72527t+9cUXor6MDvfBfu9/u+3/l95zBd1/E/S+Lb1NTUvXK5HKhWq3W1Wo1VKhWToihmHjVNYxaLRbXb7a/HxsZGef7IyEgfhZ/T09ObLBgMHhJFMdfb2wuuhggGol/e4urFY1CXnuHR+w7YXJ2IxxPXstnsYyLbCFz6gOj1eiNdXV12l8uFVCqF1dVVbGxsoNnTgY+f1xErnERP32kwxrCysnJZEASLLMuQJInl8/kzEnU9arPZEIlE0NTUBJ/PBzoK6ChwOp2IRqMIhUJwOBwIBAJIp9PI5XJGTiwWOy7xxLW1NTQ2NqJa78GDOQXFHQaN9FmYCWdb2mEvFEh+HFwlJyYSCbjdbuOoAt+KxSJaW1sx+01FRRcgmwhmATXBhPlf9QYxk8kYZFVVQQbvq5R4AXLbwHbNTEQRkkAOkUWMNlU3gyZkgJN5Hv/m0VDAq+xV5UvXtV0yFREIosBQKpWMnD8V7BXYV0COwqzXYUeTIfAJ6bsqzFCwtbUFq4chXJpDqW4bB/ryWM8uGQXE7u7uu1ar1XDW46xHWjGjysTdW6YpOKJ+R2L5A9r9NpzqH8BQ/3lU5QxSahjZ3DYk3p134ONxZLMYaGszzOFyC+R+OByG5NvEiQ4/mVpDj3sY7368xKDPj2R8FhJ1Hk0mk/dJjqWhoYEtLi4yXoDL45EM0w97a8zErLjQecNQdmfoKU1skkya4Ub//TH5b7coVy6dk3fodowPP8fEm+uQRQtevJopC//y4jRde7gQ/kSGSkZnM5MQ+jrPfwXZvz7nwVvNExRuEg4SCoTJhSfL478BoeOJpjqa+ZsAAAAASUVORK5CYII=', 'stawn16@rakuten.co.jp', '3427216090', '208 Delladonna Street')
,(44, 'Saidee', 'Hatter', 'data:image/pngbase64,iVBORw0KGgoAAAANSUhEUgAAABAAAAAQCAYAAAAf8/9hAAAABGdBTUEAAK/INwWK6QAAABl0RVh0U29mdHdhcmUAQWRvYmUgSW1hZ2VSZWFkeXHJZTwAAAI3SURBVDjL3ZLtS1NhGMbPH9CnIOhFIijIIwouMg1rDjOY5cuoKHqhbJzjQqfJMiqW5MbaObKTG+VIlpmWTMuaLpfNuRgtGQhF6WTNuRSDabj0Q32wPsTVcw4VgyKEvvXAxfN237/75noeCgD1L6L+I0BJU2gNkXcfN5JQmoLJvY2BZOFlf7Lgovdzfr1nKe9s/4vtVY+UfwPEeXcM3rEkfGMf8fT1AgZeLcBD5Bqdh+CKIpu9/+2PAJK8SmUJwXanD6d0ZrQH5lDX1I1qsxMqjRHmvhkw5zmsz6vAbwCSvJa0/dLQ+xZ1DRbU8E7YBt+DNdxDKWNAsboRF7qmoNZxyCmrRZriHDYfckQ3qW5ulQAk2cW5JvE8siRVbvbMgu+fgfHhNPTdcdTfjaG2fRINPXF0BBJo8yfACEFsLLWPSgBi2Fd/eBEOciEMzOIqaffKg3e45JyCrjMG7e0oKlsj0LS0oqblJCqby3GCU2IHyyJt/43VFHEbw+OLsHY8wR5lGYrLD0MvdKJn5AO6gvNSVaPzFgy9p+GZsOPNnA/W4SocsWYh58wWByUrOoqs3ELQGZmQy+VQKBSgM7ORkX8A9DY50mW7cdxUBHfYBnfkumgiBD8Lq1+D3Op1X365SdP0NMMw0Gq1IOtwqtMlehkGJ9qQOh6P20UAUgG7iEJEz4iOpQJ2ajcsW3xqcD7pGcENVfzsYHlF35UEmg4K6bjmY6TK4izuybmw4j9PgnmiT2LbP2ZePP8OiAqyZHfdgY0AAAAASUVORK5CYII=', 'shatter17@soundcloud.com', '6399028369', '15246 Lakewood Gardens Place')
,(45, 'Stephani', 'Woodvine', 'data:image/pngbase64,iVBORw0KGgoAAAANSUhEUgAAABAAAAAQCAYAAAAf8/9hAAAABGdBTUEAAK/INwWK6QAAABl0RVh0U29mdHdhcmUAQWRvYmUgSW1hZ2VSZWFkeXHJZTwAAAHlSURBVBgZpcE7a1RRFIbh95yZXEaSSLwWFkFEkICKhWhhIV7AxlKsbSz9DQpa+gfsbERQsUhnEYOFFiJoYSrBO6IBY5I5c2bvtfb6jCIIYjfPU0liFDUjqhlR99r9FfEfHoFZkNwxg9ZFm5xkTptFY0HbOl02Hdvf4y/hIUoRHsKLMBcWgZkwD6wE2YNbi1/p8sf6wCkBHsJLkIswD8xF9iB5IZtIHmQLtk11aftOl03nDk/x6NUGpw9OsTYo3H26yoXjs/TGK8Qmwav3A5aW17h0cjfJg9tL34jWqJM7gxTMTnWIgImxmjYXeuMVNxe+UAFX731kbuc483t67Nk+zt5dk7QWROPUTXKevWk4um8LD5+vMjlWcfnMTrqdin4qCGhSIQJOHJjhl41hIVlBTaHut+LU/DSPX69z9tAMgxTcePCZZKIZFiRohoWQePmuz4eVhARDE5Ey9VqbsSKeLK/TqSsk6CdHEk0qIGhyIQQ3Fz7xY+Bs7XW4fnEOJVGdvr6s80dm+fQ9kS1IHiQT2YPkQfbAPDAXVgIrwkPM7Zhg8c5buusbTpsL05Md8ljFpFXYhHCvMK+xEFZEKYEHlAgkkPit2nflhYatIxORAmVHFigVyIFKIAvkggj+VUliFDUj+gngimmFTeOsxAAAAABJRU5ErkJggg==', 'swoodvine18@prnewswire.com', '6466153537', '44420 Dennis Park')
,(46, 'Michal', 'Echallie', 'data:image/pngbase64,iVBORw0KGgoAAAANSUhEUgAAABAAAAAQCAYAAAAf8/9hAAAABGdBTUEAAK/INwWK6QAAABl0RVh0U29mdHdhcmUAQWRvYmUgSW1hZ2VSZWFkeXHJZTwAAAINSURBVDjLpZPNS1VhEIefc7wXTNQopKTM4IKRaB+GliQtKgpau3NjRcsIzEW1EQIR2kRUUP9AtHFhi4rAqKBCUDOEkDIQPzIIWpjX7jnvO+9Mi3uvUBAIDgzMDDMP/JiZyMzYjMVs0jYNyDDc9h8NCl5BPIiCdyChWAuAM0ghA0BTzz+z+rcHhRCKsQ+lWODN4xIAYHUZVLFQahDBgoAXTHwx9x4TAfFkd+yHgpUBBmbQfoMoW4N9fIiFQHzoEkiB8LyP+Nwdomwl8uoWtjgF3pcAIkVtppCtxcZuEnUOEIUUnXgAQYmPXqb/WQ/5NM/dg/3E85PrgBjviwA1iDNQvRdUsJUl4uPXidsuorMvSILQUNfM+fFBnAqIQGpkKCRFfapEQNTai319St/UfUwdzgJOhF3bmmiuP8Zqskb30hgjfjdbUiNDWqKpgnp08h5xx1Vk8jZnWnoJpgQNKMbyyiIHGrrIuwInF0YY1SoyFAxSDyg6egVECE8ukIgjmDL/cxavgqjHB8+vdJXDe06Q97/pOPK2BPCeKFQSlVcYAokkSBB21jYiGgimfF9ZYHt1PR8W3zEzN87w9FYiu1ZveFu/LIKBg+6uahLncOpIxJGra6Ezd5aJhfdMfxrl0UwN+5IKoo1+Y+tgvNbeeKrq9ZeX35xyennIPgMbB+QGorWgFVUFDbkfQzZXrv8BKB9RM6Fzq8AAAAAASUVORK5CYII=', 'mechallie19@tripadvisor.com', '5541206744', '220 School Circle')
,(47, 'Nell', 'Ordidge', 'data:image/pngbase64,iVBORw0KGgoAAAANSUhEUgAAABAAAAAQCAYAAAAf8/9hAAAABGdBTUEAAK/INwWK6QAAABl0RVh0U29mdHdhcmUAQWRvYmUgSW1hZ2VSZWFkeXHJZTwAAAJISURBVDjLpZPLS5RhFIef93NmnMIRSynvgRF5KWhRlmWbbotwU9sWLupfCBeBEYhQm2iVq1oF0TKIILIkMgosxBaBkpFDmpo549y+772dFl5bBIG/5eGch9+5KRFhOwrYpmIAk8+OjScr29uV2soTotzXtLOZLiD6q0oBUDjY89nGAJQErU3dD+NKKZDVYpTChr9a5sdvpWUtClCWqBRxZiE/9+o68CQGgJUQr8ujn/dxugyCSpRKkaw/S33n7QQigAfxgKCCitqpp939mwCjAvEapxOIF3xpBlOYJ78wQjxZB2LAa0QsYEm19iUQv29jBihJeltCF0F0AZNbIdXaS7K6ba3hdQey6iBWBS6IbQJMQGzHHqrarm0kCh6vf2AzLxGX5eboc5ZLBe52dZBsvAGRsAUgIi7EFycQl0VcDrEZvFlGXBZshtCGNNa0cXVkjEdXIjBb1kiEiLd4s4jYLOKy9L1+DGLQ3qKtpW7XAdpqj5MLC/Q8uMi98oYtAC2icIj9jdgMYjNYrznf0YsTj/MOjzCbTXO48RR5XaJ35k2yMBCoGIBov2yLSztNPpHCpwKROKHVOPF8X5rCeIv1BuMMK1GOI02nyZsiH769DVcBYXRneuhSJ8I5FCmAsNomrbPsrWzGeocTz1x2ht0VtXxKj/Jl+v1y0dCg/vVMl4daXKg12mtCq9lf0xGcaLnA2Mw7hidfTGhL5+ygROp/v/HQQLB4tPlMzcjk8EftOTk7KHr1hP4T0NKvFp0vqyl5F18YFLse/wPLHlqRZqo3CAAAAABJRU5ErkJggg==', 'nordidge1a@cnn.com', '9898527950', '50970 Anzinger Crossing')
,(48, 'Artair', 'Fairfull', 'data:image/pngbase64,iVBORw0KGgoAAAANSUhEUgAAABAAAAAQCAQAAAC1+jfqAAAABGdBTUEAAK/INwWK6QAAABl0RVh0U29mdHdhcmUAQWRvYmUgSW1hZ2VSZWFkeXHJZTwAAADpSURBVCjPY/jPgB8y0EmBHXdWaeu7ef9rHuaY50jU3J33v/VdVqkdN1SBEZtP18T/L/7f/X/wf+O96kM3f9z9f+T/xP8+XUZsYAWGfsUfrr6L2Ob9J/X/pP+V/1P/e/+J2LbiYfEHQz+ICV1N3yen+3PZf977/9z/Q//X/rf/7M81Ob3pu1EXWIFuZvr7aSVBOx1/uf0PBEK3/46/gnZOK0l/r5sJVqCp6Xu99/2qt+v+T/9f+L8CSK77v+pt73vf65qaYAVqzPYGXvdTvmR/z/4ZHhfunP0p+3vKF6/79gZqzPQLSYoUAABKPQ+kpVV/igAAAABJRU5ErkJggg==', 'afairfull1b@linkedin.com', '3632309021', '5 Pawling Alley')
,(49, 'Wini', 'Perse', 'data:image/pngbase64,iVBORw0KGgoAAAANSUhEUgAAABAAAAAQCAYAAAAf8/9hAAAABGdBTUEAAK/INwWK6QAAABl0RVh0U29mdHdhcmUAQWRvYmUgSW1hZ2VSZWFkeXHJZTwAAAJ3SURBVDjLpZNtSNNRFIcNKunF1rZWBMJqKaSiX9RP1dClsjldA42slW0q5oxZiuHrlqllLayoaJa2jbm1Lc3QUZpKFmmaTMsaRp+kMgjBheSmTL2//kqMBJlFHx44XM7vOfdyuH4A/P6HFQ9zo7cpa/mM6RvCrVDzaVDy6C5JJKv6rwSnIhlFd0R0Up/GwF2KWyl01CTSkM/dQoQRzAurCjRCGnRUUE2FaoSL0HExiYVzsQwcj6RNrSqo4W5Gh6Yc4+1qDDTkIy+GhYK4nTgdz0H2PrrHUJzs71NQn86enPn+CVN9GnzruoYR63mMPbkC59gQzDl7pt7rc9f7FNyUhPY6Bx9gwt4E9zszhWWpdg6ZcS8j3O7zCTuEpnXB+3MNZkUUZu0NmHE8XsL91oSWwiiEc3MeseLrN6woYCWa/Zl8ozyQ3w3Hl2lYy0SwlCUvsVi/Gv2JwITnYPDun2Hy6jYuEzAF1jUBCVYpO6kXo+NuGMeBAgcgfwNkvgBOPgUqXgKvP7rBFvRhE1crp8Vq1noFYSlacVyqGk0D86gbART9BDk9BFnPCNJbCY5aCFL1Cyhtp0RWAp74MsKSrkq9guHyvfMTtmLc1togpZoyqYmyNoITzVTYRJCiXYBIQ3CwFqi83o3JDhX6C0M8XsGIMoQ4OyuRlq1DdZcLkmbgGDX1iIEKNxAcbgTEOqC4ZRaJ6Ub86K7CYFEo8Qo+GBQlQyXBczLZpbloaQ9k1NUz/kD2myBBKxRZpa5hVcQslalatoUxizxAVVrN3CW21bFj9F858Q9dnIRmDyeuybM71uxmH9BNBB1q6zybV7H9s1Ue4PM3/gu/AEbfqfWy2twsAAAAAElFTkSuQmCC', 'wperse1c@baidu.com', '4173820455', '47209 Lakeland Trail')
,(50, 'Delinda', 'Cardoe', 'data:image/pngbase64,iVBORw0KGgoAAAANSUhEUgAAABAAAAAQCAYAAAAf8/9hAAAABGdBTUEAAK/INwWK6QAAABl0RVh0U29mdHdhcmUAQWRvYmUgSW1hZ2VSZWFkeXHJZTwAAAJeSURBVDjLhZNdSFNhGMc3z9lUREVnGmgzEZa7kGBe6kWYg26syz7uoqKgEOpiUjfdjALJiwmDYKSMburm7EInG8yNttm+UitwQm26sVgrcSPWvtf5977HbSyc9sB/73ne53l+7//snCMCIKIiIVYqlVM6nc6vUCgukZylexWxKpVqwmAweGgP3avN0Z8QWTxEAbMZ8XgcvuVlIQ9VRK83LRahtrG6WqtVDhaJafK5uRlBtxuxWAzbZP3IMDhoahK0JRYjuL4u1GjPVgVQcXcI+NLWBs5oRCQSAbe0hM2eHkS7uxHt6MCH1lZwi4uHNbLuNALsd3ZibWQELwcGYBscRFgux15/P3Z7e7FDQOb2diy0tGBFKkWcODoCSMtk+DE+jsTYGL6PjiJGYNHhYewRUJiAQn19+Epchbq6cMCy/wJ8Ph/K5fKxKpVKyOVygmjQPTpzLCCTySAQCCCZTMLv98Pj8cBCngINnuf/D6DDJpNJOLlQKCCRSMDpdAp5sVhEPp+H1+s9CqANVQjHcbVmm82G7dfP8f6mEraLEjiuyfFu7n5jQFVVAD3d8eIhPmkmkDPPgw9akHnzCIEH52GdZGdOBFD7drsd9utnkSXDWJgGZruAZ0PYn7sA6xSzK7zKFECG/tQDqKj9dDot2OY3ONRH6ulp2CZZXgDQe0ylUr8opP7PpA6y2SwcV8/g96tbABnKa0RIEkXvMbCqmW8CQK/Xw+FwwOVyNdb8DHx3ziE+O4SfjyUI3xZj7bIUFjXzRABotVo3+Yxxkt5qbmDlyiliWwLztAzGu+oUnf0LtxKkWPCjmmgAAAAASUVORK5CYII=', 'dcardoe1d@microsoft.com', '6749664061', '88559 Eagan Park')
GO
/****** Object:  StoredProcedure [dbo].[insertEmployeeData]    Script Date: 2019-04-07 11:05:10 AM ******/
SET ANSI_NULLS ON
GO
SET QUOTED_IDENTIFIER ON
GO
create procedure [dbo].[insertEmployeeData]
AS

insert into Employee 
 (id, fname, lname, image, email, phone, address,job_id) values 
 (1, 'Isabelle', 'Caser', 'data:image/pngbase64,iVBORw0KGgoAAAANSUhEUgAAABAAAAAQCAYAAAAf8/9hAAAABGdBTUEAAK/INwWK6QAAABl0RVh0U29mdHdhcmUAQWRvYmUgSW1hZ2VSZWFkeXHJZTwAAAMvSURBVDjLXZNtSFNRGMcvgQQRfYsoCD/0waI3ikqzIoTojV6IgiwrtBejzGRlVGi1QaHZamZpaaalNnPWyjmNlrZ11dnyZc6luWauXNmWm267zvT68u+cSy3rwO/e5z7n+f/Puc+9hwHADFQwkwhigonwjjCZ5idCcjN+zxsIIX/yTL+SCSKkDTREfeVdWngb9jkNqq21iVW8juD+je6tagfrMx5zDbYnu0m9gTBbMHAWM0lew/5vw44K9NbH9DcqwrnUWhduNzhxv+W7AI1vsF1oUSz1e8wSP9dy+gfRNRGCGPsD5oLPlOx21MT064vCRzLqu1Fi6oGc/YwsZRsyStvwoLoLcuNX5L3R4oNqw9igvXTU8XyehWhDmE/ZzJqOnCmWutxF/jRtF4oN3VBqbei0e+Hycuj1DsDS7UWhphN5NTaUlElhkocNtedMaybaEKERiffLr519akZOrQ0KshodfR4PPn77jp8kpnDjwF11J7J0VlxUsDier78i9IBeorKbdGeemHH3hQXtZGX/yDg4vx+ZeflwEiPf0BCevnwN9qMHKYpW0FqqCRjsSmfdInkzrj4ywTnIo29oDMNk4rxYgiJlGc5ekkCjN8Ds4XEqywBaSzUBg20pL9yxuQaI843o5nhiMga7x4fL0uuCmDW2oncEaHTxiE+vB62lmoDBxotPdJEyLSSFTXhj9aCHvLTdx6NSV4cutxeOUaBEr4ToTjRib2zHnivrsSkp1hYwiDjzULxZ/BwJ9/RIVVjQSxrWxwO+MQKJS+seQ1IaA/X7TLT0aCB7dRy7ZQsRGjdTKhisis9aRmhbf6EcomwWVxUdMNr6wZF+cH4eMWmbUGZOR1l7hvCFpFVHIKs6Sg1+Bv71FUekR4+lFvrXnXuGA9JXEN1ikXizFiJZDbYkLUHl+1xMHKrWTGrw97Do9foIs9mMai07uiouF8tPyBGaoBRYeSIY1zQHkaKJFsQpL6P/3YFarZ5O4KxWK1Tl5e7Fe5MlCyKTdAQ3ZemhiC87pXNxXXNYWJne6XOgBwUFBVMJHYRhwvz/jzKFFKeGxc0aoNtefTJ4fG3CnFs0/wsC49wP713enQAAAABJRU5ErkJggg==', 'icaser0@pinterest.com', '9057292220', '3 Lerdahl Drive',1)
,(2, 'Niki', 'Jeremaes', 'data:image/pngbase64,iVBORw0KGgoAAAANSUhEUgAAABAAAAAQCAYAAAAf8/9hAAAABGdBTUEAAK/INwWK6QAAABl0RVh0U29mdHdhcmUAQWRvYmUgSW1hZ2VSZWFkeXHJZTwAAANBSURBVDjLXZNrSFNhGMcPQQQRfYv60meJoiCtROuDZRcEA6MP3ckwS0tlZVlptnXRqavMaqZ5Ka1Jq1bOmWiXs466mqZzLs0103CmLp27HOdlaf+es2xFL/xe/jzv8/+/vA/nMACYsWpmDiEmjEQTMU+o/wvVFs+e64mAP3XGoWLmEtljzXv7vSMsXM37bHp1ZEPyK6+WsM+ifa+O4tyGuJHxzjQ79euJpb4AWwWT6tLv/zY1VI3hd9GOD8oQXtowglvNNhS3DfoQ9DWuB23K1R6nSeLh205+J18LMZex3mPOu41p9qH6aIfuQciPvHd9eGQcgIL7CrmqA3mPO3DvdQ8Uhn6UvGXxSb11Ztz6eHro+TIzeQOYLwXMhq7C+ebGopWebLYHFfo+qNhedFtdGHHxGHaNwdznQnldN0rqe/GoUgajIniys3BhK3kDfINILq7KSXlqQmFDL5R0m7BGnU58/jaICdIC/E/gjqYbcq0F6UoO8aW6K74ZCNveghbtqScm3Kkxo5Nu9vz4Cd7jwe2SUtgoyD05iae1b8B9diJT2Q6hV/D4A3bmcnaRohVZD42wjXsxOjmDKTo4K5bggaoSKRckqNPpwQ5acEKuh9ArePwB2zNr7LFFeohLDejjvRQyA6vTjcuyqz4zZ2hHWtMJiOpjkfDmEGLL1BA8/oBt6U+0u66zkJS34K3FiQF6tNXtxQttI3rsLgxNAymNiSjvzsfVVgkSa2MQmXWrxR8Qduq+OEL8HEl3dZAqzRimgY16AfcMQdpBASfZeJSY81BMSBpTEK3cjUj55rW+gNAEeRDRseV8FUQFHLKUXTD0OsDTPHiPF0bShyujkd8hwyXDaeR9lCK57hjCczb8/dbXHpYdiZOWe8LPPMMB2UuIbnJIvtEA0fV6HM9lsU+xG7ntGTjXlIgc40UkaGKwXrxmwh+g0+nCTCYTXrPcdOixIqw5rsC6JJUPQe+4G4Ws1guQGtIRrz6EkPQgb+Dplb+foNFoFhG8xWKBuqrKvmpPmmTFrlQtYZ9FG3Fj84Sk6QyOVh5EcGogDmTv2eEfYllZ2QKii5gilv//KwtslIaORuRuQvC5QEjzM4apb4lQ/wXCx9fe4QKeWQAAAABJRU5ErkJggg==', 'njeremaes1@hatena.ne.jp', '3728682574', '8312 Clyde Gallagher Drive',1)
,(3, 'Marlo', 'Rastrick', 'data:image/pngbase64,iVBORw0KGgoAAAANSUhEUgAAABAAAAAQCAYAAAAf8/9hAAAABGdBTUEAAK/INwWK6QAAABl0RVh0U29mdHdhcmUAQWRvYmUgSW1hZ2VSZWFkeXHJZTwAAAIxSURBVDjLpdNdSFNhGAfww0Cri+gyKLowpMC+LsooEy+SgqJuKqRIiIQKkryoi4zaUmbWSHKdPkYz05xdnKNobmwW6Vi6tbk2TDYl82PTTSr3PXe2s2T+O+dgYwV54S7+vBcvz4/neXleAgCRTf570UXdLda9ORUytW1LDbbkp1TK8h8PLu1rvn92C7houBxfEbA/E+Hn4C6wAQMYTxO8vbkwvMjBYiKED3X7BUQAaFqao6XLgxZyDaxyAp9JArYnBCLjd5CM2bDIupCI6MEEtRjQtWK2rx7t13fzQMUfYHNfx7H4wtQ9xFwPEZuuR+I7jWSgH9H5FrBRI4KeGgTcN6CoKoT3YyMaL+TxwCYBoOi6M5+6i37xgM9YICQ8elnAmKCai4YDJHCPnEDnrUJMdFfxxUg/Ik2JlSPq7anYtAw+0x74zXs54AqYGRLxMN9FK/yem5hySpcMDYfh6hX/DXRR15yhcclS2FEBv+Ugl0OIjFWCmVUgGR9FzE8h6mvGF7MMY21lMJNHecCZBrRUWXhhcrn9ga0IOy4Kxey8BoGZWnwbKsCkbSOGX+cJwFtJEQ9I04C+o5SNTojBuOXc3I8Qn1Nh7v062BUiWHXnWLtD+1TVTxt7anPhfHUayqs7eKAkDajbz3tN5HpYH4swJBfBQq7Fu6aSROZOcAWlLyt3Ch1kzr/iIv0DyHpqirMCvloVJ7MChGJ9w5H0Cq8K6Lx9gAeqVwM8X/6F/Lkh8+43zznRPkqpYfEAAAAASUVORK5CYII=', 'mrastrick2@histats.com', '5492174877', '16644 Jay Plaza',2)
,(4, 'Olimpia', 'Wreiford', 'data:image/pngbase64,iVBORw0KGgoAAAANSUhEUgAAABAAAAAQCAYAAAAf8/9hAAAABGdBTUEAAK/INwWK6QAAABl0RVh0U29mdHdhcmUAQWRvYmUgSW1hZ2VSZWFkeXHJZTwAAAJ7SURBVDjLbZPLa1RJFIe/e9MdExXRJhIHTcQXjIkd3PhAR3EWulPxL3AhiCsFcSG4HVyIS/cj4krFjYqCQRONqPhgNkbxgcRAAoomHdvOvVXn4eKmYxw9UFRR1PnO71d1KnF39h37t9fdLztM4GxzHHfAnWLy2WEaiXnt/eCFU6sBShQHDjv8We3pTj5+quHeTIICZrjBZO0b07ljXlrFTBQA2Fnt6Ur+7uui+48qXhAwt6KqFdWXLp7P/LYS2/cf4ScA7kuqvSu5+fQtExMN3AwAa6pwx82ZnGqQ5YG5MWOBpNRaYt2GlaztrKAK7oaZo+qoGWLOdBa5dGXgdwBH1Rj5OEVrWibLMmIeECv2hRZK5VY6FszD3H8DAEwN0Uie5xzYvLaQX6jD3Tl/9xWxrcz/8n8oiGpoFERTLg4Mk0dB1FExhIRGepKx8Tokh34CpE2AiBFiJBh4Oo+k3A7ldqzcjrW0kklgRcd6FvedI2mxXy6RKIpkQh4VUWMyHMUsEkwIIiyvrGP9si18zb7xZe99dp6tLLx34kt91oKoEfNIHpWohlhgd+9B1A01xXDGaqNUV2ynHqZ59mGw1vdPWinNtRBDARBzMg2oGyOf3xBNEItEjUzlX9nYtYN6bKSP3w99LjUbJogiuZBHI5qRWYao0LmoGzFF3RivfaCycBnPRx/w4N3QpyDsmb0DVUeDFhbMaHjO+YdnCRbIJLCmo4etq/fwZGSIOy8GNU/YNXbah2ctkKZs2tKHJwmqjuhVTB1Rx9W5PvoXSdrO/ZfP8Cebr4313xue2we3b914dKj4eXP6H4eZdX2Vcvf1AEvGj/f/13/mQPMZvwOnSeJok49LlgAAAABJRU5ErkJggg==', 'owreiford3@samsung.com', '4829806368', '77 Charing Cross Circle',3)
,(5, 'Alva', 'Bramall', 'data:image/pngbase64,iVBORw0KGgoAAAANSUhEUgAAABAAAAAQCAYAAAAf8/9hAAAABGdBTUEAAK/INwWK6QAAABl0RVh0U29mdHdhcmUAQWRvYmUgSW1hZ2VSZWFkeXHJZTwAAAJ/SURBVDjLY/j//z8DJZgsTV+9fAu+uHo8+GzvXECWAV+c3R//mTn9/ydLu4eka3ZyY/ts63T3k4Xt+4/GlqS74JONY+9Hc5tdH4wsmAmGgWv9xQKX2nMPnapOF4A1WzsEfjSzefLB0FwUHoi/szPX/05P/f0rOWk9ugHONWefzNl44X/B/L3/o7LXnn1h4fitN6i22Tx7W5tpxqYHxmnrChh+p6X+/rd10/+fsbF/f0REmiE0n7F3rDz5wb7s6Bu3gt3Vz80db69zTd1mlr11tUnGxt89Cw/8N0ha9YDhZ2LC+p8xMb9/hEdc+h4Ucu+br//JFXFNi5zKjz20KztiDzIMGFgzP+iZboQZbpSypsAgaeUjvfilqIEI9C9bV1LfvnnRaT96Ghr/zZs3739Xccn/S9aO3+cEh6nV1NTcBYm1tra+y8rKKrWzs+NG9q+EY8XR4+7RFdcmTpz4/8WLF//v3r37/+DBg//7S8v+V1dXH7p58+YPkNiRI0f+g9T4+Ph0MbjWXSgA+vc50L9vLEJq5hcXF384d/ny/4iIiG0+3t7/UlNT/0+aNOl/ZWXlfxDb29v7D0gOZAhILYNT9ZkHk9dc/A/070sjI6Oupqam7yAD/P39uezt7T/v3bv3/7lz5/4fOnTo/9q1a/+DxEByIANAahkcKo4X2JUefmBTtL9AV1c3Mz09/T3IgKCgoJ2Ojo6/3Nzc/gcGBoIxiA0SA8mBDACpRQlETSDw9fW93tvb+37VqlVv161b93/69On/CwsL/1dUVIDZIDGQHEgNSC2KAWpqasxAJxp4eXndT0lJ+ZKdnf0diH+Gh4fHAbEzkP0JJAaSA6kBqQUAGVqFjOjvxXwAAAAASUVORK5CYII=', 'abramall4@uol.com.br', '1809321619', '215 Kingsford Trail',2)
,(6, 'Kellen', 'Ilem', 'data:image/pngbase64,iVBORw0KGgoAAAANSUhEUgAAABAAAAAQCAYAAAAf8/9hAAAABGdBTUEAAK/INwWK6QAAABl0RVh0U29mdHdhcmUAQWRvYmUgSW1hZ2VSZWFkeXHJZTwAAAJ4SURBVDjLpZNLiFJRGMe/q1biA99UpqOilqALmYW6yM2MFLQtwU27bLbNLLSgidEethxcGLRTXIkbFyEYQlQu7qJNMD5AYXxcUZMRMhtf19s5NzRnExMdOPfAOff//f7fOd9HMAwD/zN4/ypIJpPMbDaD+XwOaL1PFAoF1sJisQCaps9M/NP6xEKj0QgOhwO63S6k0+kjHk7B5XKxgr+N6XQKqVSqbbPZ1LVaDbLZ7DEKGONhcrVaBaFQCK1WC9RqNdTrddBqtey+Xq+HSqUCJpMJJBKJutlsQqlUwgEfBAKBPM/tdhP5fJ4RCAQwGAyc6IDs9/vOyWRCIpvO8XhMdjoddm232+z+aDTC6VDYGQd/cH4ikQi7IDFZLBaTmIyIJCbLZDLSYrGAXC4nrVYrBmEHLawlls+YyWQYj8cD6FKh1+s5sRiTsZiiKKdSqSSRfadKpSIbjQaEQiFi5QAPZGm/WCyCwWBgyWazGaRSKUtWKBQkujzAQex2O6aviodYL6REIsEsn2vtrdmp6X6ByxQJvEEPRnwh8GfDJ7dy89fEeSqx4NMFxRp1+PqW9+IlgxVOv+ag+Ok9PSiXdtlKjMfjNxBlDxEfLonrDjZ/jGBzywv82geAjy9AIJGCXqfjnlSY3wFQTl6/378TjUZLSPAICQ+DweDh0kF+++WCf8VAwJ29Pz1wcBW4C0LPphCLxZ4i4XONRsMWEK60crm8cnHz6C1s370HwsY7mJx24CcKMPzOhXINqDN3EIlElo2yGw6HVw4++64dXBCL9jcUMw6P04Lhtzkcd7n0bMw8I87bzgXfxuPRSXuHSxM6mstQSPXmdm7+6heR5oijWAuHSQAAAABJRU5ErkJggg==', 'kilem5@hud.gov', '1392276843', '98206 Dakota Avenue',2)
,(7, 'Leontyne', 'Keher', 'data:image/pngbase64,iVBORw0KGgoAAAANSUhEUgAAABAAAAAQCAYAAAAf8/9hAAAABGdBTUEAAK/INwWK6QAAABl0RVh0U29mdHdhcmUAQWRvYmUgSW1hZ2VSZWFkeXHJZTwAAAGtSURBVDjLpZO/a5NhFIWfL1bNoFQdREMRRAo62CqIhOImWRz8A9xcNU4uFd1asEs3cXDxX+ggFkTQoZRsUrGDCDpoY4VSEoPRku+e4/B9+UUyFHqnM9zzcM77chPbHGQKHHAmumL51c9eFNkYiAAMlpAhlOkQLNw5lwwBAEonj2CMBQYsI4MHIBJ8/dUeTRA2dm4Q2MbO0+QgyUgmOmMqRGQRsZFyY1drGNIJjQIcyhYNkrDIDeoZu8A0HQNIBQqjfClb7mr1kxiUehSgVITc6+mBzs4rdZOk4wBpChHq9R+GQLP1luaf9/zda9Bq73HrUf3J66cbi31ABBET+avnRmdfudNYpThZo3LtOlOnpnm3uULt09ZCuVo6UegnMBFGKUQ4+5UQaZitnRWuXJwlCsHs2QqRdChfngO43weECZlUzrWIyJLstrY5nBzj9qUHADy8+YILp2cAigNvID5/b/c6S8JhBOz+brBZX2ejvsZ85SVLb+5SPHQU4F+yn2ssV0uLU+cnH8/N3GD6zFW+bH9g/eMaP741l5P9nnO5WloC7gHHgRbwvPasPv8fJZl0Xd9fi4EAAAAASUVORK5CYII=', 'lkeher6@cam.ac.uk', '8826649652', '2629 Jackson Hill',2)
,(8, 'Lamond', 'Pickring', 'data:image/pngbase64,iVBORw0KGgoAAAANSUhEUgAAABAAAAAQCAYAAAAf8/9hAAAABGdBTUEAAK/INwWK6QAAABl0RVh0U29mdHdhcmUAQWRvYmUgSW1hZ2VSZWFkeXHJZTwAAAG2SURBVDjLY/j//z8DJZgsTUdmCkodmSV7eO8EkQayNN8+WPry3YOV/3d2ib0nVbMsUPPrT8/3/n9+Nun/1hbxP6Rolr99sOTtZ6DmD7cLwZrXVUt5kKb5xb7/P17U/b+4xu4/UHMRUYEI1KwK1PwOpvnSOgeQ5vlExQJQs8atA8UfPr+EaL662QWk+diSPDlWnAZsWjufedOaORyHZ0lrgzR/ebkfrPnWbm+Q5odAzYJY0wFQI+OmtXN5N62ZVbJpzYzrB2bIfX5zaxJY86NjYSDN34CaVbEmpN4lK5hWrJonBtS8ddOaeT82rZn9b8vSmn87u6X+393n///gdKP/QM3OOFNi95Jlks0Ll6+bOG/l//OXzv7/8+ny/09PD/zfPD/vHtTmVJxJuXfxErbW+UuyG6Yu+T9t15X/rQt2/k/t2vK/ctKa/0Utk7YuyFeXxpsX6qcvXdswe/3/tpXH/neuv/a/cu7J/9E9V//7Fi57n1w+QY1gZsppnfMvqWb6/8iSyf8Dcyb8907r+R+QO2tbbNHEIKJz46bF5SybFhVZbVqY17BpfqbEpnmpfJvmJfESYwAA/ZPGvT+K5AYAAAAASUVORK5CYII=', 'lpickring7@wp.com', '2733000628', '1153 Anzinger Lane',3)
,(9, 'Maudie', 'Radish', 'data:image/pngbase64,iVBORw0KGgoAAAANSUhEUgAAABAAAAAQCAYAAAAf8/9hAAAABGdBTUEAAK/INwWK6QAAABl0RVh0U29mdHdhcmUAQWRvYmUgSW1hZ2VSZWFkeXHJZTwAAAF7SURBVDjL1VM9a8JQFD3PiEGSCO1ih1gnB0EkdCkKzp0E/0IHIRQc3bJ0LTh28me00CJ06SSddGmQGKpYHbQGVEz8wte8QIqQoYND6YXHvXC5h3POvY9QSnFMhHBk/D1A2C80TbtzU9X3hGX/bbdb1Go1UqlU6Gq1Qr1eJwEGu92uWiwWkU6nkUgk0Gq1cKtmoF29Qdd1qKpKJUmCKIoolUpGgIEgCGi321AUBbFYDPl8Hi/vQzSbBZTLCpbLJQaDAXieZ/V5AIChZ7NZPPRP8dxjxCIonMm4SKXQaDSQy+XQ6XQgyzKTFAlIYMjRaBRPZgizPY8ZeLx+CeA4DvP5HEy74zhYr9dMbnALtm1jsVi4pu1BmUUcAQ0RjMdjr/crwHQ6hWmauDyxIBEHIrGRCfdhGIY35A+zjRxe748Hk8kElmW5G/jEtWsiY9PTe/gYDhGPx71eMpn02DCQAMBoNLp3ad50u13i736z2XiZuX94F248+nPk/3+mb7TL1kbVXJ5aAAAAAElFTkSuQmCC', 'mradish8@tripadvisor.com', '8255711347', '6 Holy Cross Park',4)
,(10, 'Drusy', 'Dieton', 'data:image/pngbase64,iVBORw0KGgoAAAANSUhEUgAAABAAAAAQCAYAAAAf8/9hAAAABGdBTUEAAK/INwWK6QAAABl0RVh0U29mdHdhcmUAQWRvYmUgSW1hZ2VSZWFkeXHJZTwAAAH+SURBVDjLdZI7aFRREIa/k3u5cclGwiXEF9GInSCIoF0qa1/BynJdyBYhtaRJSrsFK4XtBCGFQRALm4BYKQg2ti5JQEh2hay66ObMmbG49+4jSwYOc4rzfzP/nHFmBsCL6uWrwDfGo7PcaM5wQrjnjxduABvAnXJ6hkdr63TbnwGYmr3Fy/Un/O3+AngFbC03mq+HATGwdfv+g4ul8jT++1fMjNDrAmBmLF6bZ+LcFczs4fs3b+8CY4BLpfJpjn4fICo0N+tgBhht+4Ka4ff3ODV7ITFInHPOCt85ADRgIkzMnEWDYKb8aHf52fmHAbp/iNsTdlo9gJvOuQNg18w0BjBVVAT1PdT3wIxW65B7a++I4qTf7hKwIfKp0Wg8W1lZqTvndnOAoMFjprn37ERxgvceEUFE8N6TpimVSmU1jmNqtVp9IgMEVDwmHg0BDYppBnPOEUURURThnAMgSRKq1eoqMBcXAMRjQTFRVA2VDBBFUT9PTk7S6XQIIZCm6WCIpllVFUUlYGpYCCMdFHfnHCIy8o3ZEH3ARDEJqIKKDbYthxQWitwHZNUzgOYWig6GIcdBgz0IhnrNZ1BY0PG9z4WFpQLw0R8dLU6dn8+EqphCybf6j4YWb6R6AXj6YXt7GrjeFwA7rR5LJ4gAQgh/gOCG6cfaXQDmODkCcPAfs2Qwc59hLO4AAAAASUVORK5CYII=', 'ddieton9@mozilla.org', '3432724844', '4658 Holmberg Street',4)
,(11, 'Estrellita', 'Derill', 'data:image/pngbase64,iVBORw0KGgoAAAANSUhEUgAAABAAAAAQCAYAAAAf8/9hAAAABGdBTUEAAK/INwWK6QAAABl0RVh0U29mdHdhcmUAQWRvYmUgSW1hZ2VSZWFkeXHJZTwAAAKkSURBVDjLjZLfS5pRGMf7N3bxslsvtsWuJBi0i4UNRrtYIeIumuwHbAgvXa0mMWGjMDebmSzTQtNuXGZLZr5ZXRQUJjm1jWmGhT9Wr/1UQnQX351zNkbt3cUOPBzO4Xk+z/f5ntMAoOF87O/vc6VSiSd7sFAoiLu7u2ImkwkmEgl+eXmZ+zv/wmFvb6+JFPqPjo5wfHyM09NTHB4eolgsIp1OIxwO+30+X9M/ASSJI+GnRWdnZ6CQxcVFCIKAnZ0d5HI5BhkbG/NbrVZOAiBSeVEUUS6XWXcKqdd/oFavMxW0OJvNIhQKobe3l5cAUqlUkCZSSKVSQXQzC8uoB0M2NyLxDMhoSCaTiMVi0Gq1QQmAmCQeHBwwqbSrZdQNVygN53wBVv83VKtVbGxsMCUajUaUANbW1kRiIra3t1Gr1WAeccMeymNkroTBme8MsL6+jmg0CqVSKQUQw4JbW1usAx0jGk/j3YcvMPhySKaKyOfzDDA1NYW2tjbpCOR56DszwPT0NOLxOE5OTpihVPrk5CRWV1eh0+mgUCikJtrtds5sNs8tLCxgdnYWTqcT5A42m43tA46X4C1qPH57F6pXNyu3n1/TXQB4PJ52h8MR0+v1fgqIRCJYWlpif+G91wi99wECm8P4XBRgmn8Kpekq5M8uGVmx2+1uJ1EbHx9HV1cXp1KpoFar0draipaWFtx/fQszyUHMfDWDLmP4EUzhJxRQZQCXy8Xmo7ObTCYYDAZYLBb09PSA53nceXEdnzbtOL8+JoYp4Jd8Oic1jbq8srJC/zwCgQC8Xi8mJiZwQ3sZA4IGfUInK+4LdV5U0N3djY6ODvo81GE0NzdDLpejsbERMpkMVxQc7hlleCM8ZJ3pTs9/PPifIMn9JMpU9u+9n97/BG848JbqijsUAAAAAElFTkSuQmCC', 'ederilla@arizona.edu', '7192930894', '8 Swallow Terrace',4)
,(12, 'Normy', 'De Morena', 'data:image/pngbase64,iVBORw0KGgoAAAANSUhEUgAAABAAAAAQCAYAAAAf8/9hAAAABGdBTUEAAK/INwWK6QAAABl0RVh0U29mdHdhcmUAQWRvYmUgSW1hZ2VSZWFkeXHJZTwAAAK2SURBVBgZBcFNiJRlAADg532/b2Z2Z9fdUdfWUlwNooJIFNryEEUSBAVCVy9eIrwJngqCwI4Jdg46VBIdukRQtBAdOliUHQ0qlbXE9afdmXVn5vt7v54ntG0Lznx1axWXHh/MnBhXybhKqpRM6jTENu6jwSYe4DN8nwOkun7+6P75E+df2gcAdsq0OC7T4ua0OVhWbBeNm/cf+vbvnVdxLgdIdb280A3g1lajE4I8kOX0OtGhXpTFqJNx7OCsxxbn9nz8y+2LEaCpqoW5nDqxXQbDiq2C4ZThlAcT7j5swDuX1504MueZpc6+HKCpqj27utFOwc60EWOQI8uIGZkgCySEZuTK9U1X14e3c4CmLJcXZzPDSW1ctGJsZZHYBFkk08oytJmNUeGjtb9GOJMD1GW5srzQMZy2any99qddPcZlbfd81+27EyEy38882u/aHE0Wfvj932EO0JTFyv7FnmsbjRCZjKdeWX3SqePzvrnyj/dOPw0APv3xnpTCzxFeu/DdrKbu9jpR2RC1xkXlv+0arP26AWBaMyq4t1UKIYlQF+W+XiAGErTEGGQtVZNcPHtcSq0mtTJJP0+KojDaKeXQlEU/n+vKI1kMmhTMdKJpUfngy5tioG6S1CQt2ralpd9J8hfPXV7ChdWnDrkzat3caMzNUKdW0dSy2EEraIQQtKnVtkldV8qyljdleRKv/3bths1J7mHRqprW9rjSCbmzb+xSpxKRljYkM3nXh1+sezDakTdVdfzUy8/Ovnv6BQDw5vs/yXQkE59cfdtS/5Aguje+5a3nLolmjItS3lTVjTv3hz5fu2YwP2uwMGMw15PnmcP7WZ7fdvLoqkH3AJGt6QGPzNX6XfIQhGOnLy3hHFawF3uxO/aPHH5iZU9n0BuYyRfUqRJSEtpGCmN/rF93d1T5H4CHTHMseNtCAAAAAElFTkSuQmCC', 'ndemorenab@infoseek.co.jp', '5565546473', '890 Dwight Trail',5)
,(13, 'Rayner', 'Gribbin', 'data:image/pngbase64,iVBORw0KGgoAAAANSUhEUgAAABAAAAAQCAQAAAC1+jfqAAAABGdBTUEAAK/INwWK6QAAABl0RVh0U29mdHdhcmUAQWRvYmUgSW1hZ2VSZWFkeXHJZTwAAAFESURBVBgZBcG9S9RxAAfg565DI51uCBocpGhoqM1VaAjByXAImvoXDtr6D4JAaG2oyXtpKJGEltYcGntDErEhEI3kvDP7fb+fnqcVAAAAQAeg39XLqsVcyl62bTw8AkTE5tqb8WHOU1MzzUFej1+uR4SIzeWPOcu/TPI7JznNecZ5ngcrEa3YnJ/7fHehY6Kqqiq+eedgP7cH4zZ6dxZmnamKoiqGnpjTXcxj2tSVq/4qGkXRGOlrfDcvK7TJ0qypoiiKob5G9cWsukSHoCiqamQgiiqKoE12p2YUxVBf0aiK6ybs0qbu/HJZMTRQFEWjuOFU3aFNnn06vLCnr1EURbHq1PF+ntIKXiz/+fDTFV/90HHNTWdOTO69fU8rYH0tr7rzc2YUF8aOx3m0NYJWAPe76VmttzK1bzsbW0dAKwAAAID/tYu/URIDsoEAAAAASUVORK5CYII=', 'rgribbinc@census.gov', '3892096890', '829 Nobel Way',2)
,(14, 'Nani', 'McKelvey', 'data:image/pngbase64,iVBORw0KGgoAAAANSUhEUgAAABAAAAAQCAYAAAAf8/9hAAAABGdBTUEAAK/INwWK6QAAABl0RVh0U29mdHdhcmUAQWRvYmUgSW1hZ2VSZWFkeXHJZTwAAAJ6SURBVDjLjZO7T1NhGMY7Mji6uJgYt8bElTjof6CDg4sMSqIxJsRGB5F4TwQSIg1QKC0KWmkZEEsKtEcSxF5ohV5pKSicXqX3aqGn957z+PUEGopiGJ583/A+v3znvPkJAAjWR0VNJG0kGhKahCFhXcN3YBFfx8Kry6ym4xIzce88/fbWGY2k5WRb77UTTbWuYA9gDGg7EVmSIOF4g5T7HZKuMcSW5djWDyL0uRf0dCc8inYYxTcw9fAiCMBYB3gVj1z7gLhNTjKCqHkYP79KENC9Bq3uxrrqORzy+9D3tPAAccspVx1gWg0KbaZFbGllWFM+xrKkFQudV0CeDfJsjN4+C2nracjunoPq5VXIBrowMK4V1gG1LGyWdbZwCalsBYUyh2KFQzpXxVqkAGswD3+qBDpZwow9iYE5v26/VwfUQnnznyhvjguQYabIIpKpYD1ahI8UTT92MUSFuP5Z/9TBTgOgFrVjp3nakaG/0VmEfpX58pwzjUEquNk362s+PP8XYD/KpYTBHmRg9Wch0QX1R80dCZhYipudYQY2Auib8RmODVCa4hfUK4ngaiiLNFNFdKeCWWscXZMbWy9Unv9/gsIQU09a4pwvUeA3Uapy2C2wCKXL0DqTePLexbWPOv79E8f0UWrencZ2poxciUWZlKssB4bcHeE83NsFuMgpo2iIpMuNa1TNu4XjhggWvb+R2K3wZdLlAZl8Fd9jRb5sD+Xx0RJBx5gdom6VsMEFDyWF0WyCeSOFcDKPnRxZYTQL5Rc/nn1w4oFsBaIhC3r6FRh5erPRhYMyHdeFw4C6zkRhmijM7CnMu0AUZonCDCnRJBqSus5/ABD6Ba5CkQS8AAAAAElFTkSuQmCC', 'nmckelveyd@canalblog.com', '2066387401', '292 Rusk Way',5)
,(15, 'Amandi', 'Piborn', 'data:image/pngbase64,iVBORw0KGgoAAAANSUhEUgAAABAAAAAQCAYAAAAf8/9hAAAABGdBTUEAAK/INwWK6QAAABl0RVh0U29mdHdhcmUAQWRvYmUgSW1hZ2VSZWFkeXHJZTwAAALFSURBVDjLjZPfS1phGMeFXdef0bVXMeiiQS0hNeeCuuhKUFzKEnU/lDEKxZazaEop20Ub1QpaRhdrjFVgGY4RyEYuj80y7SfMNH9l/vzufV9mrO1mBx7Oc77n+X7e533OeXkAeH+Gz+dr8ng8Y8vLy/6lpaWfi4uLybm5udD09LTr7ZTr1t/1V8nm5mYdMTuJuRiLxZBIJJBOp5HL5ZBKpRAMbsM1bim9dJqnxhxD9dcAv80fd3d3Ua1Wkc/nQSHRaBTxeBzlchnV8gVKFyF4VmZgsz72Dj17Wn8FoCtTc7FYBL1KpRLoczgcxvn5OYMWLo5xmd1G5fIHPn14A1P//SkGIOabpO1KNptlhkwmwyBHR0fgOA5UL5dLyKU4FLJB1kWRhE57r/JAr27iEbPz4OAANEKhEDPRPVPQyckJywuXKQIIEGOM5GekwwK8Xi+USqWTx+fz8b9BZ0PByWQSe3t7kMlkXxkgEAhgZ2cHGxsbmJycZMX0fnh4yPSaRgcbiUSwv7+P09NT9PT0xBmAFtVMFEKDajW9dvd9j+BLIMyCix5D2tl19g9gYmICs7OzsNlsLNfr9VhfX0djYyMsQ1amWZ/bMP56BoKOTu7aFtbW1tDc3Ay73c5apJ+SahaLBb29veDIkKlGO6Q1QpH42z9D1Gg08G9tQSwWQygUQqFQwOFwwGg0slxEdGO/mUF0Ol2G/UikwElXGrSa2WoU4Oc+o63tNlZXV+H3+9k23G43BAIBLPZXDGAymfIMMDw8XGceNK08eqJHn6aPAR4a9GhtbSWQNkilUhY0b2lpgUQiiVMA+Q+SV4dpYGCgTqGUv5PelVZHX4xi3j2PhYUFuFwuaLVaGAwGllONnM7EyMhIkmwzeO1oNjQ03Oju7pKJRKK0XC6vqNSqqkqlIp/rzqFE2vFerVbnSOTJu2x7e3uEDJz/C4Myz4QSsAdYAAAAAElFTkSuQmCC', 'apiborne@forbes.com', '9614181043', '09797 Fieldstone Lane',3)
,(16, 'Ira', 'Tranckle', 'data:image/pngbase64,iVBORw0KGgoAAAANSUhEUgAAABAAAAAQCAQAAAC1+jfqAAAABGdBTUEAAK/INwWK6QAAABl0RVh0U29mdHdhcmUAQWRvYmUgSW1hZ2VSZWFkeXHJZTwAAAFFSURBVCjPhZG/K8RxHMZfdy5OnEEMhhuMJCMldVl0JcOV7Bb2K/+CRakbTOdOsSjWK2WRZMDiR1eK7sJEuYsv98P3/XkM93Uj72d51+vp6aknJP6+yO+z3U/azTGsDt2rQGb5NQBCiHxqz3tUU5LUUFm73uZCi7Rw4lQ1OdVVVUUfaupLa5pJChESud5YcT4e4RPD4TDEDfs8lNz4iRcG0pPxKB7WVp4VYgwMaxXC4JJD1PHb2ibLN7f0oSSEQROdfGL4GEaOLN84rojiJiACAgwfhyPPFsIwhCFaCed1ujB8cmTbSSN4cA5hsMNnuvHJs4UFPYxRqthhK2Hj7KlBkWyADJ9FKryUtA4hAZnE23GZHq65I0KcMTxe8WYvjgIDTKe0M9gboxOjwTsvnpYuD6BtgKl+pZmzUdUoUVDmMhgr9N/cP2kRvjgCZVaBAAAAAElFTkSuQmCC', 'itrancklef@fotki.com', '6658624355', '18 Hayes Junction',1)
,(17, 'Marj', 'Jakubowski', 'data:image/pngbase64,iVBORw0KGgoAAAANSUhEUgAAABAAAAAQCAYAAAAf8/9hAAAABGdBTUEAAK/INwWK6QAAABl0RVh0U29mdHdhcmUAQWRvYmUgSW1hZ2VSZWFkeXHJZTwAAAF6SURBVDjLxZM7S0NBEIW/fWCnQgyIT0QQDKJBFBRbsRCt/Ae3VRs7wVpIY6WxkqTXxgek8IGIIQRsYjR2SkhAMJoipDAkXNfi6k18YcDCA8vMLDtnds7uCGMMf4Hkj/h/Ag0QDocngVVgrM68O2DJsqx9/bax7vf7fK2tXgCEABBvftU6vuDxMd97cXEZBFwCr8fTTCbzQKViO71J6SYJIdxYa01HRwuA123BgUAphW0b93AtSZVAIaX6qMF7RaU0WvMh4bNVSiKE/EoghEQpiTH62+qJTIzLbIzic4FypYxXdmuwEKFQyPT0dDE0NOCKVxXMiU8SB6Seooz4Run09HGa2iV+fU5Tsd+5QTqdJZ3O/vhmZ7lt5mamsaWNv22K45sdxgcn2NmLgDHm1zW7Mmwi11umFvvJoBlbaDN1/cR8IVdK3ccIHFkABA4tbnNJgFJdBC/mZS2ejNGA5uBqkwahiSbOAIKi3nEeX2wPAPNAI1AENuMb98uviwGZtIAuD3IAAAAASUVORK5CYII=', 'mjakubowskig@nasa.gov', '3654230489', '9163 Green Ridge Plaza',4)
,(18, 'Isabella', 'Clausner', 'data:image/pngbase64,iVBORw0KGgoAAAANSUhEUgAAABAAAAAQCAYAAAAf8/9hAAAABGdBTUEAAK/INwWK6QAAABl0RVh0U29mdHdhcmUAQWRvYmUgSW1hZ2VSZWFkeXHJZTwAAAKvSURBVBgZBcG7ixx1AADg77czu5vL7Su3d5fEmHBBElBBEkvBVyqNdgYrwdbKRsm/YG8lFgoiNpYWChJBI4IPTAKSByQm5p17aOZ2ZnZ2Z2bH7wunz7x+brw+PhVFEQAIAACCAAio6oXtze0f4vH6+NRnH38utIJqUQIgCBqNAPIyRdA0Lc2i0ah9ePaDU3EURWqVUH4l+/6CfedyW2ePWO73XLv2iyvZp+5vJfr9gUc7iShu280K755utONICyBJdiRPd+ymqfy7y9L0gTRNhdkFs+nENJ+YT1PTaaoqMiEsEMQBMByu0ZT2vr/CR3/qvrVq/eATlsobptUx/VFfJ2qJ2x1pXghhhqAFBEmSSNOJx+u13X2V6dfXqRea/LxylsonmXKWmxWZ+SwXQgNigOFwnaY0Gg4k7z1j3yc7qpcP6q7OHJnvaPcO29uNtDttk3yOXQIxARTFTJbmQmhMlmvRcaZf/O2nk6dNm4Xi/lWdOBZVie7SqiBGEAfA0tJIb5AZDgag/c6G8192LK++5IWn9mt3YpvJ3KPtxKNbP4paJwTEATBJMmk6Q+aPew/dLluqw297ZWPN43lLVdSaENl4ctXtf44KWS6gJQQBg9EB9oxczCu35m2j0ZqiXOh2O6p6YbFoFPOFsg6aqKtpd0AMTdP49c5NF+5d1ev1FUUhTTPdKChmpbIOqkUDmkAxLTSdMYgD8iqzVZe6nZ7lpaFiNtfb05MlFz3cPGg0HitF4lbw4N9SnN1x9/fLICYIoaVvYBpy3XrJ3tCz/8qm0cO/XL9BdfM5ragjn5VayR0vHvjP1qWf7ckm4qqq1XXt0MoJh8YEEIRjeJWjIYCVycJm1HL30o7ta785cvx5z979RnjzzBvfrq2vvha1YwQBEAAAEACd/IGTK7WimPkf4mk8xSgTQvcAAAAASUVORK5CYII=', 'iclausnerh@apple.com', '9527376391', '304 Cascade Terrace',5)
,(19, 'Jaquenette', 'Sugg', 'data:image/pngbase64,iVBORw0KGgoAAAANSUhEUgAAABAAAAAQCAYAAAAf8/9hAAAABGdBTUEAAK/INwWK6QAAABl0RVh0U29mdHdhcmUAQWRvYmUgSW1hZ2VSZWFkeXHJZTwAAAJPSURBVDjLpZPLS5RhFMYfv9QJlelTQZwRb2OKlKuINuHGLlBEBEOLxAu46oL0F0QQFdWizUCrWnjBaDHgThCMoiKkhUONTqmjmDp2GZ0UnWbmfc/ztrC+GbM2dXbv4ZzfeQ7vefKMMfifyP89IbevNNCYdkN2kawkCZKfSPZTOGTf6Y/m1uflKlC3LvsNTWArr9BT2LAf+W73dn5jHclIBFZyfYWU3or7T4K7AJmbl/yG7EtX1BQXNTVCYgtgbAEAYHlqYHlrsTEVQWr63RZFuqsfDAcdQPrGRR/JF5nKGm9xUxMyr0YBAEXXHgIANq/3ADQobD2J9fAkNiMTMSFb9z8ambMAQER3JC1XttkYGGZXoyZEGyTHRuBuPgBTUu7VSnUAgAUAWutOV2MjZGkehgYUA6O5A0AlkAyRnotiX3MLlFKduYCqAtuGXpyH0XQmOj+TIURt51OzURTYZdBKV2UBSsOIcRp/TVTT4ewK6idECAihtUKOArWcjq/B8tQ6UkUR31+OYXP4sTOdisivrkMyHodWejlXwcC38Fvs8dY5xaIId89VlJy7ACpCNCFCuOp8+BJ6A631gANQSg1mVmOxxGQYRW2nHMha4B5WA3chsv22T5/B13AIicWZmNZ6cMchTXUe81Okzz54pLi0uQWp+TmkZqMwxsBV74Or3od4OISPr0e3SHa3PX0f3HXKofNH/UIG9pZ5PeUth+CyS2EMkEqs4fPEOBJLsyske48/+xD8oxcAYPzs4QaS7RR2kbLTTOTQieczfzfTv8QPldGvTGoF6/8AAAAASUVORK5CYII=', 'jsuggi@123-reg.co.uk', '7456950993', '61 Anzinger Hill',4)
,(20, 'Edithe', 'Quartley', 'data:image/pngbase64,iVBORw0KGgoAAAANSUhEUgAAABAAAAAQCAYAAAAf8/9hAAAABGdBTUEAAK/INwWK6QAAABl0RVh0U29mdHdhcmUAQWRvYmUgSW1hZ2VSZWFkeXHJZTwAAAIpSURBVDjLpZP7T1JhGMfPn9RaznVZa7Zhl1WoOI1ZtNlmq5Wrma1jMTSG5li1ahWSFJKmjuhEYzVJCDGQUNJI7WYX7ALnhFwiKFvn2zkHKw6d33y27y/v830+++5535cAQCxHhN7+AR23I9Ba30EzMIeTva9BWl4+ljJbRhLqHk9i/trDOLpdDLoeMCAyuZ8oVtP1WVYKYPYsfCv2Eqd9bdB61dB4SJxwNQuHjcZnkAKY3F+Efu/0VZjDV9A9eVFoiIo37L88JQkwDjNCv7CIPm8MheINey+ERIC6/kpFtXkbdhjKUdtVIfITVn9URGRSOajOBv8ClH1yRZVpK9s63IL2kVbIz20RBvkaGI3mAVQgBmosCsd4FG8+p7Gzc0wA1Fi2KyqMm1nyfhNqjHKsP1WKct1GDPpisPLy0/8nePUxhWqdD1xkJReZbXY0oqxjLbtOU7JJf2ceqewibAFa8FKBJYCQgktg49Rg3QMuMupv1uGw/QA26Faza9SrZHyidtt7JDOLsAdp3B3Pixh6QiOd/bdZVY8SGjeJg1QDH5ktbVkp+7OPtsG3SHz9gXuhfALnJPeQHBM0ClVrqOIjg4uMkuMrZIW3oe6fEwBD3KBzScQtPy3awfNIEiq9T/IdkDdeYIEDuJ4ygtcd5gD8QLF2dT76JQU4ap5FPP0ddDKHT/EsInQGRKXWi2KVHXNSUoAjppnRQ4ZwZt+lKdSfD2H3meDyvjKv3+cfGcwF4FggAAAAAElFTkSuQmCC', 'equartleyj@ezinearticles.com', '3978925079', '3092 Rutledge Crossing',6)
,(21, 'Michaela', 'Cino', 'data:image/pngbase64,iVBORw0KGgoAAAANSUhEUgAAABAAAAAQCAYAAAAf8/9hAAAABGdBTUEAAK/INwWK6QAAABl0RVh0U29mdHdhcmUAQWRvYmUgSW1hZ2VSZWFkeXHJZTwAAAL2SURBVDjLVdNNaBx1GMfx78zO7Lu765qQWIPteqiH+IKCjTmkClIVPHi0pVDSXBT0sGhLUOvJl0OL4AuVBC+CLXpoD1KqweBBWFFajOChSTU20q2h6e66nX2Znfm/ejCJ8Qff6+fy8DjWWgCmz9f3AR/cV0pPhtIQSoM0hoEyAdAFmoAG2kAL+Bz41mNzRqmJh0fzk689MczO9YUphsIU25EeExK6sebPZo9v/ugfAKo7gZFC0gGgflvjOw6eAwkPUr7LvSmXhOviJ+CRsQy7irnyp5fW33e3AC1loWQilIGucAgkdDoRQQRBBK0B3OppAF4/e53JSo4HhvzhbSAfBiP7v5pHHZ2mH2kqJ2cZ+uxjwqBPNzb0IstAgAEc3eGna22WrgfrLoA4Ol2eXfrimZw3QDoeYWyRePh0GZ0/RdTu0o8NfWnAwkYn5sPF1Y4WYtoVR44cNGH01+iwXzT1FvVj76CApUNVxI2ApNNn77EZUrXviZSDsaB9jRKicv7lxxZdM4jm433jabO0Asdn6eTLOC7oQpnfX3gFfrmKnBjnnrmTuFJiLag4RotYA7gmHLyY+LoWmcounBNvYm81cLEkgyaVuXdRe+7GuVijPlPFSfpIren1Q6WE6AC42YsXvjy9e//EtdXbyHyKyqszYOH+946TKHiEbcOVuXMEUwfI+NDqxahYbCy89awFcAEWhvaKj6YO48WQaDTAcXGbDcIA1k6cQuaKYCHruTTaA7SI17eu501Vzw4Bbz84OU6veobvlgW5rubHTy6Q9i2+B8nEvxWysFoPUUJsbANaiKeA535eXqM98OjFFqktsXQQyqC0wVhLuVjkpadHudkK0UI0/gOkfPT5Jx/KvHH48f/9gLYgtUUowMLphXWyPnR7IVrK1k5g7WYz4MziMqV8hlIhTSmXophLcUc2SSrpkvJcDk2NkPKg8XcXLeWNbcAoda52eWWsdnllN3DXZnduVkwnfT+d9inkMpQKWX69Wv8N+GEL+AdfSH+n2ppttwAAAABJRU5ErkJggg==', 'mcinok@cargocollective.com', '6728941619', '45 Hintze Court',4)
,(22, 'Brannon', 'Maryin', 'data:image/pngbase64,iVBORw0KGgoAAAANSUhEUgAAABAAAAAQCAYAAAAf8/9hAAAABGdBTUEAAK/INwWK6QAAABl0RVh0U29mdHdhcmUAQWRvYmUgSW1hZ2VSZWFkeXHJZTwAAAITSURBVDjLpVM9ixNBGH5md/YjH3u3EnKX5BDcKyRNUAs7QUwawT9gZSptJL/gQK6ysLYUsfAX2CSNIVgKV4VwBqIQCGc06mFiYnazu+O8o1mihaA37MPM7L7v+zzPOztMCIGzDA1nHHy96Pf7L6MoqkogDEOsVqsEQRAk8H2f5na9Xq9RHiMLMvm6aZqdfD6vgv4cmzYNw0Cn08FwOKw1Go22UiAZH7iui/F4DMuykqTNRFqPRiNsbW3B8zwiPZCv26zb7Sr2XC6H6XT6m1yyQomMMei6rtgdx0Emk0Gr1cJgMKhxYifp5JWCbNtWWLNvKqE5jmMsl0tUKhX0er0DTkzz+RyTyUQ1aB1EzRRCBqeLCDQb33wLlsGxnYohTo6QcVylkgpUqTptKElaUpI1TcPOxatIp3ZxqZQFN3R8/BrgdOZjlrqA0ragnKpGrOSVQAXWoD2y57G/m8apz/B+Kt8xHXs7DiLTTY6YU4F1Ekkvl8tqJnz6HsA0DYR+iFi2wQ8FbK4jFFx9TwrQCfz0LBJQwGJhIFhFkA/C+FcjGbCQPSt5JaWSy462ms3mzY2/LJn3KjcwK1yBkzLhRwJck1a+rCA+9/Hk4TNJZLfY3y7T4+bQszjunMuahyRgOvfj8MMxu5Y/YfO3r2bvjo/usX+9jS8Ob90tFAuP8t5l983r5oL9z3V+fr98u7hfeRrHYeoHJYR682gpzWwAAAAASUVORK5CYII=', 'bmaryinl@youtu.be', '2993899697', '418 Crescent Oaks Pass',3)
,(23, 'Daryle', 'Snary', 'data:image/pngbase64,iVBORw0KGgoAAAANSUhEUgAAABAAAAAQCAYAAAAf8/9hAAAABGdBTUEAAK/INwWK6QAAABl0RVh0U29mdHdhcmUAQWRvYmUgSW1hZ2VSZWFkeXHJZTwAAAIWSURBVDjLhZNPbxJRFMWhRrYu3NrExIUbdzWte6M7d34Eo2Hjxm8gwZUxIYEARUKAWgwbV0BpxAW11bpQFrCoCVEMDplhQMow782/enx3WsiU0jrJ2bz7zu+9e95cHwAfSXzXhFaEVv+j60JLM58HsGIYxsi27SPHcbBIoo5oNBrxQryAVTJPJhPouu6q0+mgVquh0WhAlmUX0uv1EIvFZpCp2U8A2sA5h2maYIyhUChA0zTU63UoiuICaJ0OSSaTx5B5AJnpqqVSCbmNTWxVt9FsNtHv98+05GYyD7AsC5VKBZvFd/j2k6Etc6gjHfLgELKiujeRJGkxQGSAYDCIx8+eI/ORIb3Lkf0sWvmio9aaoC2NoQ7+QFUHCwFr5XIZ8bfvhZFhq2XgU9tEb2Tj99DCgcTx9YeOg64GZTCGPQdYEnpaLBbxZl9HfIejo1rg5nGvti3CMyxouonhIYM8ZG7NBWSz2YepVKobiUR+UXjrwry+wzBm9qnAqD03YHohbsASUP+ly2u+XC7XzmQyt9LpdJc2xuscr0ULU9NUFC6JDiFRCy4gn88/EWqFw+EEmfL7HK8+8FOAqdmrWYjC7E8kElcCgcAdWmx2LbzY5mCmc+YWXp33H/w1LQehKhPPZuK8mTjR0QxwArktQtKpsLHHEarwC81ir+ZOrwewTBCiXr157/7d0PfqjQcvH10w1jT6y/8A/nHJHcAgm2AAAAAASUVORK5CYII=', 'dsnarym@printfriendly.com', '2089459848', '367 Spaight Parkway',6)
,(24, 'Analise', 'Hurich', 'data:image/pngbase64,iVBORw0KGgoAAAANSUhEUgAAABAAAAAQCAYAAAAf8/9hAAAABGdBTUEAAK/INwWK6QAAABl0RVh0U29mdHdhcmUAQWRvYmUgSW1hZ2VSZWFkeXHJZTwAAAJpSURBVDjLpZM7aFRRFEXXffPyJokzmkSFWBiJiGBEDH5io8QmIIqFojbaaGkZSBVtbAOCpZU2IhhRLJSAEFELISIpRBB/wxgwakYnn5d5n3vvORZCjB8sdJeHw2Jzzt5GVfkfhb8O3ANTUmVQhQMi9KmCChMijKlwsXxY4+X7ZrkD98D0q3DFdA11m7Y+NOoA9WhSw9cnyV6PVEQ43X5EH/4GcOPmiLb13wo6T6Ktq/CNl0j2BXUpmGaC5k0YG5C9HyX79PDo2hN6ewlgx02HKtXCtuslCebxaQXsAuIy1KffIaKYYheF4jbmnpyJRdiw7qR+DQBUGAw2DJc0Askq4BYZv1MDycHnPLoPYmPc/HN89pbWLcMl8QwCBAAiHDLte5C0groEFcv+gy2oWNRb9vXHqGSojXGzzwjbNiOeQ0tfEKGH4kokmeVT9SstLdAUOUJy1OXYzJIuepJFWN1RAzK8p3sJoEKiLo3wjpmpORoLOXnqsVawVaEUBuAD4kTZe8qCKiIUfjjwVLBJL0T07G5HXYa6hM+VmNl3RdYYg00MU/UEE7QiPsRmvFl+g7u2NomJulAB9TnqLFGzJ2ukaJLjFhIkbBCu3E5Sq2Jz7v4AeC41XlyIcWWCaD2oQSWjvMrRtGWetzN1qvNzrD/ciRa3M/34QmwzLv0UpJkb5li4dmC0uesoFBZw9af45APqUkxYplDuxbOR+st71F+NHd8xrDd/i/L0NTMgnssreoa6o9VbCZoCEIfLPIvTr/j4ZKTiLGd3ntOxP3YBYOqqKYlnSIQD3tPncnCWCWcZc5aRXef/UqZ/0TcrHX7i2ZbMyQAAAABJRU5ErkJggg==', 'ahurichn@list-manage.com', '3954898491', '421 Old Gate Crossing',4)
,(25, 'Brinn', 'Twigley', 'data:image/pngbase64,iVBORw0KGgoAAAANSUhEUgAAABAAAAAQCAYAAAAf8/9hAAAABGdBTUEAAK/INwWK6QAAABl0RVh0U29mdHdhcmUAQWRvYmUgSW1hZ2VSZWFkeXHJZTwAAAJUSURBVDjLpVPNaxNBFP8lqY1JSJOGFBtSU11BaEulUUFB7EUalB70kINCQfBv8FgNgvRUJCdPUj36FxgqKahpi18NSQXBikRbE6UfYpNtsruzO+ubTTaHNoLgwuMxs/P7eG/eOEzTxP98Xfs38vn8Y13XpxhjXZRB2QpN00R+mkwmb3QkKBaLAQI8CgaDSbfbC5VA4ByWP3LZ2xvE/HzmOq0OEhQKhcsCHA6Hoz6fD6WvZQh1zk1wkxORCYPIVFXtXAIdzsRiMWuj0VDACPyhuEIEvB0TiStWGR0JRI3d3d2oVqtNZcPA8MiYpW621EWz/+pAMBsEEofEpQjrxcI7yoalLv5FJq92dOAQoGw2a8bjcdRqNTrEUK5st9XtnNm+g7omQ+O698mt1YZN4LQdNJttWmEIZaNZ+5a/hLnfaSg6w0B4CApj9WsPj3kOlNAGt4DPNqdJmUH9weCjvvSFTmKo/xxqyh6K31/L47OhwKvbv2SLQDTHnkhhWfRA5xomRm7CoLXliCaisruB0YELkLWGc2X95e6p+85Q24G4BZfL1aybXCi6ZoG/7XwG4zoR0kQaDFW1hrGjFyGzuvNNaXHH2XLwNpfLQZZl+P1+HPa4iUCBbug40hNDf88gIgEJh1we9PmjyG8sYenL4lZdw1mHbT2dTk/SPNyLRCJnjksn8GB1Cgo506gU4UYKD+O8lMD79WUsrD3/qem4VJkxPzr2v8ZUKpUgolmKUfsxibwcncPpwXG8WFsoa9wCf2rPwb980l3HnsFd3gY3pM0Zs2Tv/wEq26vP9fcF2QAAAABJRU5ErkJggg==', 'btwigleyo@t-online.de', '8329541657', '3 Northland Drive',3)
GO
/****** Object:  StoredProcedure [dbo].[insertFeedback]    Script Date: 2019-04-07 11:05:10 AM ******/
SET ANSI_NULLS ON
GO
SET QUOTED_IDENTIFIER ON
GO
CREATE PROC [dbo].[insertFeedback]
AS
insert into Feedback(id,order_line_id,customer_id,feedback_text,rating) values
(1,1,1,'great taste',10),
(2,4,2,'yummy food',9),
(3,8,11,'yummy',8),
(4,15,6,'awesome taste',8),
(5,20,12,'too sweet',6),
(6,26,16,'bitter chocolate',5),
(7,32,10,'yummy',8)
GO
/****** Object:  StoredProcedure [dbo].[insertJobRole]    Script Date: 2019-04-07 11:05:10 AM ******/
SET ANSI_NULLS ON
GO
SET QUOTED_IDENTIFIER ON
GO
create procedure [dbo].[insertJobRole]
as
insert into JobRole(id,title,responsibilities) values
(1,'manager','responsible for overseeing the department'),
(2,'assistantmanager','Helping the manager, and overseeing the working'),
(3,'Baker','Responsible for making the products'),
(4,'CakeDecorator','Responsible for decoration of the products'),
(5,'Delivery','Responsible for delivery of the items'),
(6,'Dishwasher','responsible for cleaning the dishes and kitchen')
GO
/****** Object:  StoredProcedure [dbo].[insertMasterData]    Script Date: 2019-04-07 11:05:10 AM ******/
SET ANSI_NULLS ON
GO
SET QUOTED_IDENTIFIER ON
GO
CREATE PROC [dbo].[insertMasterData]

AS

exec insertCustomerData;
exec insertJobRole;
exec insertEmployeeData;
exec insertProductData;
exec insertOrderData;
exec insertOrderStatusData;
exec insertOrderLineData;
exec insertOLCriteria;
exec insertOLCustomizationCriteria;
exec insertFeedback;




GO
/****** Object:  StoredProcedure [dbo].[insertOLCriteria]    Script Date: 2019-04-07 11:05:10 AM ******/
SET ANSI_NULLS ON
GO
SET QUOTED_IDENTIFIER ON
GO
CREATE PROC [dbo].[insertOLCriteria] 
AS

insert into OrderCustomizationCriteria(id,product_id,customization_name,customization_value,price)
values
(1,3,'frosting','chocolate',1.00),
(2,3,'frosting','coffee',1.25),
(3,3,'frosting','caramel',1.00),
(4,12,'frosting','chocolate',1.50),
(5,12,'frosting','coffee',1.00),
(6,12,'frosting','caramel',1.25),
(7,12,'frosting','nutbutter',1.25),
(8,10,'frosting','chocolate',1.00),
(9,10,'frosting','creamcheese',1.50),
(10,10,'frosting','vanila',1.00)
GO
/****** Object:  StoredProcedure [dbo].[insertOLCustomizationCriteria]    Script Date: 2019-04-07 11:05:10 AM ******/
SET ANSI_NULLS ON
GO
SET QUOTED_IDENTIFIER ON
GO
CREATE PROC [dbo].[insertOLCustomizationCriteria]
AS

insert into OrderLineCustomization (id,criteria_id,orderline_id) values
(1,1,2),
(2,3,5),
(3,5,32),
(4,2,22),
(5,2,15),
(6,3,11),
(7,10,12),
(8,5,20),
(9,6,14),
(10,4,4)
GO
/****** Object:  StoredProcedure [dbo].[insertOrderData]    Script Date: 2019-04-07 11:05:10 AM ******/
SET ANSI_NULLS ON
GO
SET QUOTED_IDENTIFIER ON
GO
CREATE PROC [dbo].[insertOrderData]

AS 

insert into [Order] (id,customer_id,order_date,delivery_date,delivery_address,order_type) values 
 (1,1, '2019-02-20', '2018-11-14', '572 Towne Crossing', 'pick up'),
(2,2, '2018-07-18', '2018-04-23', '0494 Maywood Place', 'delivery'),
(3,3, '2018-10-01', '2018-10-01', '12 Gale Road', 'pick up'),
(4,4, '2018-05-28', '2019-01-02', '8 Bobwhite Pass', 'pick up'),
(5,5, '2018-05-13', '2018-11-13', '4178 Heffernan Crossing','pick up'),
(6,6, '2018-06-24', '2018-07-05', '9 Manitowish Alley','delivery'),
(7,7, '2018-04-03', '2018-11-29', '68075 Sheridan Crossing', 'delivery'), 
(8,8, '2018-04-27', '2018-07-26', '385 Bellgrove Place', 'pick up'),
(9,9, '2018-10-05', '2018-04-21', '5362 Ronald Regan Junction','delivery'),
(10,10, '2018-09-06', '2019-03-04', '3 Havey Lane', 'delivery'),
(11,11, '2019-03-20', '2018-09-29', '7546 American Ash Court','pick up'),
(12,12, '2019-02-03', '2018-09-11', '032 Ludington Hill','delivery'),
(13,13, '2018-11-28', '2019-03-22', '4 Goodland Circle', 'pick up'),
(14,14, '2019-02-11', '2018-12-15', '863 Ohio Alley', 'delivery'),
(15,15, '2019-01-13', '2019-01-07', '9 Prairieview Avenue', 'pick up'),
(16,16, '2018-07-11', '2019-03-01', '07420 Shopko Court', 'pick up'),
(17,17, '2019-02-14', '2018-12-22', '41194 Colorado Way', 'delivery'),
(18,18, '2018-06-10', '2018-07-08', '0387 Di Loreto Point', 'delivery'),
(19,19, '2018-04-22', '2018-04-16', '50372 Ludington Center', 'pick up'),
(20,20, '2018-11-09', '2019-01-10', '40736 Crownhardt Road', 'pick up')
GO
/****** Object:  StoredProcedure [dbo].[insertOrderLineData]    Script Date: 2019-04-07 11:05:10 AM ******/
SET ANSI_NULLS ON
GO
SET QUOTED_IDENTIFIER ON
GO
CREATE PROC [dbo].[insertOrderLineData] 
AS
insert into OrderLine (id,product_id,quantity,gift_wrap,order_id) values
(1,1,3,0,1),
(2,1,1,0,1),
(3,2,2,0,1),
(4,2,3,1,2),
(5,1,4,1,2),
(6,3,3,1,3),
(7,11,5,0,10),
(8,12,2,1,11),
(9,15,2,0,2),
(10,15,3,0,1),
(11,10,1,1,4),
(12,10,2,1,4),
(13,1,5,0,5),
(14,5,1,1,2),
(15,6,3,0,6),
(16,7,2,0,7),
(17,8,4,1,8),
(18,11,3,0,9),
(19,9,5,1,15),
(20,10,1,0,12),
(21,3,2,0,13),
(22,2,1,1,17),
(23,1,2,1,19),
(24,10,10,0,18),
(25,12,2,0,9),
(26,13,4,1,16),
(27,14,3,1,20),
(28,15,2,1,11),
(29,16,4,0,20),
(30,17,3,0,14),
(31,20,2,0,15),
(32,20,1,1,10)
GO
/****** Object:  StoredProcedure [dbo].[insertOrderStatusData]    Script Date: 2019-04-07 11:05:10 AM ******/
SET ANSI_NULLS ON
GO
SET QUOTED_IDENTIFIER ON
GO
CREATE PROC [dbo].[insertOrderStatusData]

AS

insert into OrderStatus(id,order_id,status,updated_at,updated_by) values
(1,1,'complete','2018-10-11',1),
(2,2,'out for delivery','2018-10-11',2),
(3,3,'complete','2018-10-01',2),
(4,4,'making','2018-1-11',1),
(5,4,'complete','2018-1-11',1),
(6,4,'out for delivery','2018-1-11',2),
(7,7,'complete','2018-11-11',2),
(8,8,'making','2018-09-11',1),
(9,9,'complete','2018-09-11',1),
(10,10,'out for delivery','2018-09-11',2),
(11,11,'complete','2018-01-11',2),
(12,12,'making','2018-02-11',1),
(13,12,'complete','2018-02-11',1),
(14,14,'out for delivery','2018-02-11',2),
(15,15,'complete','2019-01-11',2),
(16,16,'making','2019-01-11',1),
(17,16,'complete','2019-01-11',1),
(18,18,'out for delivery','2019-01-11',2),
(19,19,'complete','2018-10-11',2),
(20,20,'making','2018-10-11',1)
GO
/****** Object:  StoredProcedure [dbo].[insertProductData]    Script Date: 2019-04-07 11:05:10 AM ******/
SET ANSI_NULLS ON
GO
SET QUOTED_IDENTIFIER ON
GO
create procedure [dbo].[insertProductData]
as
insert into Product (id,title,image,price,availability,eta) values 
(1,'cake','data:image/pngbase64,iVBORw0KGgoAAAANSUhEUgAAABAAAAAQCAYAAAAf8/9hAAAABGdBTUEAAK/INwWK6QAAABl0RVh0U29mdHdhcmUAQWRvYmUgSW1hZ2VSZWFkeXHJZTwAAAMvSURBVDjLXZNtSFNRGMcvgQQRfYsoCD/0waI3ikqzIoTojV6IgiwrtBejzGRlVGi1QaHZamZpaaalNnPWyjmNlrZ11dnyZc6luWauXNmWm267zvT68u+cSy3rwO/e5z7n+f/Puc+9hwHADFQwkwhigonwjjCZ5idCcjN+zxsIIX/yTL+SCSKkDTREfeVdWngb9jkNqq21iVW8juD+je6tagfrMx5zDbYnu0m9gTBbMHAWM0lew/5vw44K9NbH9DcqwrnUWhduNzhxv+W7AI1vsF1oUSz1e8wSP9dy+gfRNRGCGPsD5oLPlOx21MT064vCRzLqu1Fi6oGc/YwsZRsyStvwoLoLcuNX5L3R4oNqw9igvXTU8XyehWhDmE/ZzJqOnCmWutxF/jRtF4oN3VBqbei0e+Hycuj1DsDS7UWhphN5NTaUlElhkocNtedMaybaEKERiffLr519akZOrQ0KshodfR4PPn77jp8kpnDjwF11J7J0VlxUsDier78i9IBeorKbdGeemHH3hQXtZGX/yDg4vx+ZeflwEiPf0BCevnwN9qMHKYpW0FqqCRjsSmfdInkzrj4ywTnIo29oDMNk4rxYgiJlGc5ekkCjN8Ds4XEqywBaSzUBg20pL9yxuQaI843o5nhiMga7x4fL0uuCmDW2oncEaHTxiE+vB62lmoDBxotPdJEyLSSFTXhj9aCHvLTdx6NSV4cutxeOUaBEr4ToTjRib2zHnivrsSkp1hYwiDjzULxZ/BwJ9/RIVVjQSxrWxwO+MQKJS+seQ1IaA/X7TLT0aCB7dRy7ZQsRGjdTKhisis9aRmhbf6EcomwWVxUdMNr6wZF+cH4eMWmbUGZOR1l7hvCFpFVHIKs6Sg1+Bv71FUekR4+lFvrXnXuGA9JXEN1ikXizFiJZDbYkLUHl+1xMHKrWTGrw97Do9foIs9mMai07uiouF8tPyBGaoBRYeSIY1zQHkaKJFsQpL6P/3YFarZ5O4KxWK1Tl5e7Fe5MlCyKTdAQ3ZemhiC87pXNxXXNYWJne6XOgBwUFBVMJHYRhwvz/jzKFFKeGxc0aoNtefTJ4fG3CnFs0/wsC49wP713enQAAAABJRU5ErkJggg==',35.00,1,30),
(2,'cupcake','data:image/pngbase64,iVBORw0KGgoAAAANSUhEUgAAABAAAAAQCAYAAAAf8/9hAAAABGdBTUEAAK/INwWK6QAAABl0RVh0U29mdHdhcmUAQWRvYmUgSW1hZ2VSZWFkeXHJZTwAAAMvSURBVDjLXZNtSFNRGMcvgQQRfYsoCD/0waI3ikqzIoTojV6IgiwrtBejzGRlVGi1QaHZamZpaaalNnPWyjmNlrZ11dnyZc6luWauXNmWm267zvT68u+cSy3rwO/e5z7n+f/Puc+9hwHADFQwkwhigonwjjCZ5idCcjN+zxsIIX/yTL+SCSKkDTREfeVdWngb9jkNqq21iVW8juD+je6tagfrMx5zDbYnu0m9gTBbMHAWM0lew/5vw44K9NbH9DcqwrnUWhduNzhxv+W7AI1vsF1oUSz1e8wSP9dy+gfRNRGCGPsD5oLPlOx21MT064vCRzLqu1Fi6oGc/YwsZRsyStvwoLoLcuNX5L3R4oNqw9igvXTU8XyehWhDmE/ZzJqOnCmWutxF/jRtF4oN3VBqbei0e+Hycuj1DsDS7UWhphN5NTaUlElhkocNtedMaybaEKERiffLr519akZOrQ0KshodfR4PPn77jp8kpnDjwF11J7J0VlxUsDier78i9IBeorKbdGeemHH3hQXtZGX/yDg4vx+ZeflwEiPf0BCevnwN9qMHKYpW0FqqCRjsSmfdInkzrj4ywTnIo29oDMNk4rxYgiJlGc5ekkCjN8Ds4XEqywBaSzUBg20pL9yxuQaI843o5nhiMga7x4fL0uuCmDW2oncEaHTxiE+vB62lmoDBxotPdJEyLSSFTXhj9aCHvLTdx6NSV4cutxeOUaBEr4ToTjRib2zHnivrsSkp1hYwiDjzULxZ/BwJ9/RIVVjQSxrWxwO+MQKJS+seQ1IaA/X7TLT0aCB7dRy7ZQsRGjdTKhisis9aRmhbf6EcomwWVxUdMNr6wZF+cH4eMWmbUGZOR1l7hvCFpFVHIKs6Sg1+Bv71FUekR4+lFvrXnXuGA9JXEN1ikXizFiJZDbYkLUHl+1xMHKrWTGrw97Do9foIs9mMai07uiouF8tPyBGaoBRYeSIY1zQHkaKJFsQpL6P/3YFarZ5O4KxWK1Tl5e7Fe5MlCyKTdAQ3ZemhiC87pXNxXXNYWJne6XOgBwUFBVMJHYRhwvz/jzKFFKeGxc0aoNtefTJ4fG3CnFs0/wsC49wP713enQAAAABJRU5ErkJggg==', 10.00,1,50),
(3,'cookie','data:image/pngbase64,iVBORw0KGgoAAAANSUhEUgAAABAAAAAQCAYAAAAf8/9hAAAABGdBTUEAAK/INwWK6QAAABl0RVh0U29mdHdhcmUAQWRvYmUgSW1hZ2VSZWFkeXHJZTwAAAMvSURBVDjLXZNtSFNRGMcvgQQRfYsoCD/0waI3ikqzIoTojV6IgiwrtBejzGRlVGi1QaHZamZpaaalNnPWyjmNlrZ11dnyZc6luWauXNmWm267zvT68u+cSy3rwO/e5z7n+f/Puc+9hwHADFQwkwhigonwjjCZ5idCcjN+zxsIIX/yTL+SCSKkDTREfeVdWngb9jkNqq21iVW8juD+je6tagfrMx5zDbYnu0m9gTBbMHAWM0lew/5vw44K9NbH9DcqwrnUWhduNzhxv+W7AI1vsF1oUSz1e8wSP9dy+gfRNRGCGPsD5oLPlOx21MT064vCRzLqu1Fi6oGc/YwsZRsyStvwoLoLcuNX5L3R4oNqw9igvXTU8XyehWhDmE/ZzJqOnCmWutxF/jRtF4oN3VBqbei0e+Hycuj1DsDS7UWhphN5NTaUlElhkocNtedMaybaEKERiffLr519akZOrQ0KshodfR4PPn77jp8kpnDjwF11J7J0VlxUsDier78i9IBeorKbdGeemHH3hQXtZGX/yDg4vx+ZeflwEiPf0BCevnwN9qMHKYpW0FqqCRjsSmfdInkzrj4ywTnIo29oDMNk4rxYgiJlGc5ekkCjN8Ds4XEqywBaSzUBg20pL9yxuQaI843o5nhiMga7x4fL0uuCmDW2oncEaHTxiE+vB62lmoDBxotPdJEyLSSFTXhj9aCHvLTdx6NSV4cutxeOUaBEr4ToTjRib2zHnivrsSkp1hYwiDjzULxZ/BwJ9/RIVVjQSxrWxwO+MQKJS+seQ1IaA/X7TLT0aCB7dRy7ZQsRGjdTKhisis9aRmhbf6EcomwWVxUdMNr6wZF+cH4eMWmbUGZOR1l7hvCFpFVHIKs6Sg1+Bv71FUekR4+lFvrXnXuGA9JXEN1ikXizFiJZDbYkLUHl+1xMHKrWTGrw97Do9foIs9mMai07uiouF8tPyBGaoBRYeSIY1zQHkaKJFsQpL6P/3YFarZ5O4KxWK1Tl5e7Fe5MlCyKTdAQ3ZemhiC87pXNxXXNYWJne6XOgBwUFBVMJHYRhwvz/jzKFFKeGxc0aoNtefTJ4fG3CnFs0/wsC49wP713enQAAAABJRU5ErkJggg==',05.00,0,30),
(4,'ferrerocake','data:image/pngbase64,iVBORw0KGgoAAAANSUhEUgAAABAAAAAQCAYAAAAf8/9hAAAABGdBTUEAAK/INwWK6QAAABl0RVh0U29mdHdhcmUAQWRvYmUgSW1hZ2VSZWFkeXHJZTwAAAMvSURBVDjLXZNtSFNRGMcvgQQRfYsoCD/0waI3ikqzIoTojV6IgiwrtBejzGRlVGi1QaHZamZpaaalNnPWyjmNlrZ11dnyZc6luWauXNmWm267zvT68u+cSy3rwO/e5z7n+f/Puc+9hwHADFQwkwhigonwjjCZ5idCcjN+zxsIIX/yTL+SCSKkDTREfeVdWngb9jkNqq21iVW8juD+je6tagfrMx5zDbYnu0m9gTBbMHAWM0lew/5vw44K9NbH9DcqwrnUWhduNzhxv+W7AI1vsF1oUSz1e8wSP9dy+gfRNRGCGPsD5oLPlOx21MT064vCRzLqu1Fi6oGc/YwsZRsyStvwoLoLcuNX5L3R4oNqw9igvXTU8XyehWhDmE/ZzJqOnCmWutxF/jRtF4oN3VBqbei0e+Hycuj1DsDS7UWhphN5NTaUlElhkocNtedMaybaEKERiffLr519akZOrQ0KshodfR4PPn77jp8kpnDjwF11J7J0VlxUsDier78i9IBeorKbdGeemHH3hQXtZGX/yDg4vx+ZeflwEiPf0BCevnwN9qMHKYpW0FqqCRjsSmfdInkzrj4ywTnIo29oDMNk4rxYgiJlGc5ekkCjN8Ds4XEqywBaSzUBg20pL9yxuQaI843o5nhiMga7x4fL0uuCmDW2oncEaHTxiE+vB62lmoDBxotPdJEyLSSFTXhj9aCHvLTdx6NSV4cutxeOUaBEr4ToTjRib2zHnivrsSkp1hYwiDjzULxZ/BwJ9/RIVVjQSxrWxwO+MQKJS+seQ1IaA/X7TLT0aCB7dRy7ZQsRGjdTKhisis9aRmhbf6EcomwWVxUdMNr6wZF+cH4eMWmbUGZOR1l7hvCFpFVHIKs6Sg1+Bv71FUekR4+lFvrXnXuGA9JXEN1ikXizFiJZDbYkLUHl+1xMHKrWTGrw97Do9foIs9mMai07uiouF8tPyBGaoBRYeSIY1zQHkaKJFsQpL6P/3YFarZ5O4KxWK1Tl5e7Fe5MlCyKTdAQ3ZemhiC87pXNxXXNYWJne6XOgBwUFBVMJHYRhwvz/jzKFFKeGxc0aoNtefTJ4fG3CnFs0/wsC49wP713enQAAAABJRU5ErkJggg==',40.00,1,45),
(5,'pineapplecake','data:image/pngbase64,iVBORw0KGgoAAAANSUhEUgAAABAAAAAQCAYAAAAf8/9hAAAABGdBTUEAAK/INwWK6QAAABl0RVh0U29mdHdhcmUAQWRvYmUgSW1hZ2VSZWFkeXHJZTwAAAMvSURBVDjLXZNtSFNRGMcvgQQRfYsoCD/0waI3ikqzIoTojV6IgiwrtBejzGRlVGi1QaHZamZpaaalNnPWyjmNlrZ11dnyZc6luWauXNmWm267zvT68u+cSy3rwO/e5z7n+f/Puc+9hwHADFQwkwhigonwjjCZ5idCcjN+zxsIIX/yTL+SCSKkDTREfeVdWngb9jkNqq21iVW8juD+je6tagfrMx5zDbYnu0m9gTBbMHAWM0lew/5vw44K9NbH9DcqwrnUWhduNzhxv+W7AI1vsF1oUSz1e8wSP9dy+gfRNRGCGPsD5oLPlOx21MT064vCRzLqu1Fi6oGc/YwsZRsyStvwoLoLcuNX5L3R4oNqw9igvXTU8XyehWhDmE/ZzJqOnCmWutxF/jRtF4oN3VBqbei0e+Hycuj1DsDS7UWhphN5NTaUlElhkocNtedMaybaEKERiffLr519akZOrQ0KshodfR4PPn77jp8kpnDjwF11J7J0VlxUsDier78i9IBeorKbdGeemHH3hQXtZGX/yDg4vx+ZeflwEiPf0BCevnwN9qMHKYpW0FqqCRjsSmfdInkzrj4ywTnIo29oDMNk4rxYgiJlGc5ekkCjN8Ds4XEqywBaSzUBg20pL9yxuQaI843o5nhiMga7x4fL0uuCmDW2oncEaHTxiE+vB62lmoDBxotPdJEyLSSFTXhj9aCHvLTdx6NSV4cutxeOUaBEr4ToTjRib2zHnivrsSkp1hYwiDjzULxZ/BwJ9/RIVVjQSxrWxwO+MQKJS+seQ1IaA/X7TLT0aCB7dRy7ZQsRGjdTKhisis9aRmhbf6EcomwWVxUdMNr6wZF+cH4eMWmbUGZOR1l7hvCFpFVHIKs6Sg1+Bv71FUekR4+lFvrXnXuGA9JXEN1ikXizFiJZDbYkLUHl+1xMHKrWTGrw97Do9foIs9mMai07uiouF8tPyBGaoBRYeSIY1zQHkaKJFsQpL6P/3YFarZ5O4KxWK1Tl5e7Fe5MlCyKTdAQ3ZemhiC87pXNxXXNYWJne6XOgBwUFBVMJHYRhwvz/jzKFFKeGxc0aoNtefTJ4fG3CnFs0/wsC49wP713enQAAAABJRU5ErkJggg==',10.00,0,40),
(6,'lemoncake','data:image/pngbase64,iVBORw0KGgoAAAANSUhEUgAAABAAAAAQCAYAAAAf8/9hAAAABGdBTUEAAK/INwWK6QAAABl0RVh0U29mdHdhcmUAQWRvYmUgSW1hZ2VSZWFkeXHJZTwAAAMvSURBVDjLXZNtSFNRGMcvgQQRfYsoCD/0waI3ikqzIoTojV6IgiwrtBejzGRlVGi1QaHZamZpaaalNnPWyjmNlrZ11dnyZc6luWauXNmWm267zvT68u+cSy3rwO/e5z7n+f/Puc+9hwHADFQwkwhigonwjjCZ5idCcjN+zxsIIX/yTL+SCSKkDTREfeVdWngb9jkNqq21iVW8juD+je6tagfrMx5zDbYnu0m9gTBbMHAWM0lew/5vw44K9NbH9DcqwrnUWhduNzhxv+W7AI1vsF1oUSz1e8wSP9dy+gfRNRGCGPsD5oLPlOx21MT064vCRzLqu1Fi6oGc/YwsZRsyStvwoLoLcuNX5L3R4oNqw9igvXTU8XyehWhDmE/ZzJqOnCmWutxF/jRtF4oN3VBqbei0e+Hycuj1DsDS7UWhphN5NTaUlElhkocNtedMaybaEKERiffLr519akZOrQ0KshodfR4PPn77jp8kpnDjwF11J7J0VlxUsDier78i9IBeorKbdGeemHH3hQXtZGX/yDg4vx+ZeflwEiPf0BCevnwN9qMHKYpW0FqqCRjsSmfdInkzrj4ywTnIo29oDMNk4rxYgiJlGc5ekkCjN8Ds4XEqywBaSzUBg20pL9yxuQaI843o5nhiMga7x4fL0uuCmDW2oncEaHTxiE+vB62lmoDBxotPdJEyLSSFTXhj9aCHvLTdx6NSV4cutxeOUaBEr4ToTjRib2zHnivrsSkp1hYwiDjzULxZ/BwJ9/RIVVjQSxrWxwO+MQKJS+seQ1IaA/X7TLT0aCB7dRy7ZQsRGjdTKhisis9aRmhbf6EcomwWVxUdMNr6wZF+cH4eMWmbUGZOR1l7hvCFpFVHIKs6Sg1+Bv71FUekR4+lFvrXnXuGA9JXEN1ikXizFiJZDbYkLUHl+1xMHKrWTGrw97Do9foIs9mMai07uiouF8tPyBGaoBRYeSIY1zQHkaKJFsQpL6P/3YFarZ5O4KxWK1Tl5e7Fe5MlCyKTdAQ3ZemhiC87pXNxXXNYWJne6XOgBwUFBVMJHYRhwvz/jzKFFKeGxc0aoNtefTJ4fG3CnFs0/wsC49wP713enQAAAABJRU5ErkJggg==',20.00,1,35),
(7,'blackforest','data:image/pngbase64,iVBORw0KGgoAAAANSUhEUgAAABAAAAAQCAYAAAAf8/9hAAAABGdBTUEAAK/INwWK6QAAABl0RVh0U29mdHdhcmUAQWRvYmUgSW1hZ2VSZWFkeXHJZTwAAAMvSURBVDjLXZNtSFNRGMcvgQQRfYsoCD/0waI3ikqzIoTojV6IgiwrtBejzGRlVGi1QaHZamZpaaalNnPWyjmNlrZ11dnyZc6luWauXNmWm267zvT68u+cSy3rwO/e5z7n+f/Puc+9hwHADFQwkwhigonwjjCZ5idCcjN+zxsIIX/yTL+SCSKkDTREfeVdWngb9jkNqq21iVW8juD+je6tagfrMx5zDbYnu0m9gTBbMHAWM0lew/5vw44K9NbH9DcqwrnUWhduNzhxv+W7AI1vsF1oUSz1e8wSP9dy+gfRNRGCGPsD5oLPlOx21MT064vCRzLqu1Fi6oGc/YwsZRsyStvwoLoLcuNX5L3R4oNqw9igvXTU8XyehWhDmE/ZzJqOnCmWutxF/jRtF4oN3VBqbei0e+Hycuj1DsDS7UWhphN5NTaUlElhkocNtedMaybaEKERiffLr519akZOrQ0KshodfR4PPn77jp8kpnDjwF11J7J0VlxUsDier78i9IBeorKbdGeemHH3hQXtZGX/yDg4vx+ZeflwEiPf0BCevnwN9qMHKYpW0FqqCRjsSmfdInkzrj4ywTnIo29oDMNk4rxYgiJlGc5ekkCjN8Ds4XEqywBaSzUBg20pL9yxuQaI843o5nhiMga7x4fL0uuCmDW2oncEaHTxiE+vB62lmoDBxotPdJEyLSSFTXhj9aCHvLTdx6NSV4cutxeOUaBEr4ToTjRib2zHnivrsSkp1hYwiDjzULxZ/BwJ9/RIVVjQSxrWxwO+MQKJS+seQ1IaA/X7TLT0aCB7dRy7ZQsRGjdTKhisis9aRmhbf6EcomwWVxUdMNr6wZF+cH4eMWmbUGZOR1l7hvCFpFVHIKs6Sg1+Bv71FUekR4+lFvrXnXuGA9JXEN1ikXizFiJZDbYkLUHl+1xMHKrWTGrw97Do9foIs9mMai07uiouF8tPyBGaoBRYeSIY1zQHkaKJFsQpL6P/3YFarZ5O4KxWK1Tl5e7Fe5MlCyKTdAQ3ZemhiC87pXNxXXNYWJne6XOgBwUFBVMJHYRhwvz/jzKFFKeGxc0aoNtefTJ4fG3CnFs0/wsC49wP713enQAAAABJRU5ErkJggg==',50.00,0,30),
(8,'whiteforest','data:image/pngbase64,iVBORw0KGgoAAAANSUhEUgAAABAAAAAQCAYAAAAf8/9hAAAABGdBTUEAAK/INwWK6QAAABl0RVh0U29mdHdhcmUAQWRvYmUgSW1hZ2VSZWFkeXHJZTwAAAMvSURBVDjLXZNtSFNRGMcvgQQRfYsoCD/0waI3ikqzIoTojV6IgiwrtBejzGRlVGi1QaHZamZpaaalNnPWyjmNlrZ11dnyZc6luWauXNmWm267zvT68u+cSy3rwO/e5z7n+f/Puc+9hwHADFQwkwhigonwjjCZ5idCcjN+zxsIIX/yTL+SCSKkDTREfeVdWngb9jkNqq21iVW8juD+je6tagfrMx5zDbYnu0m9gTBbMHAWM0lew/5vw44K9NbH9DcqwrnUWhduNzhxv+W7AI1vsF1oUSz1e8wSP9dy+gfRNRGCGPsD5oLPlOx21MT064vCRzLqu1Fi6oGc/YwsZRsyStvwoLoLcuNX5L3R4oNqw9igvXTU8XyehWhDmE/ZzJqOnCmWutxF/jRtF4oN3VBqbei0e+Hycuj1DsDS7UWhphN5NTaUlElhkocNtedMaybaEKERiffLr519akZOrQ0KshodfR4PPn77jp8kpnDjwF11J7J0VlxUsDier78i9IBeorKbdGeemHH3hQXtZGX/yDg4vx+ZeflwEiPf0BCevnwN9qMHKYpW0FqqCRjsSmfdInkzrj4ywTnIo29oDMNk4rxYgiJlGc5ekkCjN8Ds4XEqywBaSzUBg20pL9yxuQaI843o5nhiMga7x4fL0uuCmDW2oncEaHTxiE+vB62lmoDBxotPdJEyLSSFTXhj9aCHvLTdx6NSV4cutxeOUaBEr4ToTjRib2zHnivrsSkp1hYwiDjzULxZ/BwJ9/RIVVjQSxrWxwO+MQKJS+seQ1IaA/X7TLT0aCB7dRy7ZQsRGjdTKhisis9aRmhbf6EcomwWVxUdMNr6wZF+cH4eMWmbUGZOR1l7hvCFpFVHIKs6Sg1+Bv71FUekR4+lFvrXnXuGA9JXEN1ikXizFiJZDbYkLUHl+1xMHKrWTGrw97Do9foIs9mMai07uiouF8tPyBGaoBRYeSIY1zQHkaKJFsQpL6P/3YFarZ5O4KxWK1Tl5e7Fe5MlCyKTdAQ3ZemhiC87pXNxXXNYWJne6XOgBwUFBVMJHYRhwvz/jzKFFKeGxc0aoNtefTJ4fG3CnFs0/wsC49wP713enQAAAABJRU5ErkJggg==', 25.00,1,15),
(9,'coffeecupcake','data:image/pngbase64,iVBORw0KGgoAAAANSUhEUgAAABAAAAAQCAYAAAAf8/9hAAAABGdBTUEAAK/INwWK6QAAABl0RVh0U29mdHdhcmUAQWRvYmUgSW1hZ2VSZWFkeXHJZTwAAAMvSURBVDjLXZNtSFNRGMcvgQQRfYsoCD/0waI3ikqzIoTojV6IgiwrtBejzGRlVGi1QaHZamZpaaalNnPWyjmNlrZ11dnyZc6luWauXNmWm267zvT68u+cSy3rwO/e5z7n+f/Puc+9hwHADFQwkwhigonwjjCZ5idCcjN+zxsIIX/yTL+SCSKkDTREfeVdWngb9jkNqq21iVW8juD+je6tagfrMx5zDbYnu0m9gTBbMHAWM0lew/5vw44K9NbH9DcqwrnUWhduNzhxv+W7AI1vsF1oUSz1e8wSP9dy+gfRNRGCGPsD5oLPlOx21MT064vCRzLqu1Fi6oGc/YwsZRsyStvwoLoLcuNX5L3R4oNqw9igvXTU8XyehWhDmE/ZzJqOnCmWutxF/jRtF4oN3VBqbei0e+Hycuj1DsDS7UWhphN5NTaUlElhkocNtedMaybaEKERiffLr519akZOrQ0KshodfR4PPn77jp8kpnDjwF11J7J0VlxUsDier78i9IBeorKbdGeemHH3hQXtZGX/yDg4vx+ZeflwEiPf0BCevnwN9qMHKYpW0FqqCRjsSmfdInkzrj4ywTnIo29oDMNk4rxYgiJlGc5ekkCjN8Ds4XEqywBaSzUBg20pL9yxuQaI843o5nhiMga7x4fL0uuCmDW2oncEaHTxiE+vB62lmoDBxotPdJEyLSSFTXhj9aCHvLTdx6NSV4cutxeOUaBEr4ToTjRib2zHnivrsSkp1hYwiDjzULxZ/BwJ9/RIVVjQSxrWxwO+MQKJS+seQ1IaA/X7TLT0aCB7dRy7ZQsRGjdTKhisis9aRmhbf6EcomwWVxUdMNr6wZF+cH4eMWmbUGZOR1l7hvCFpFVHIKs6Sg1+Bv71FUekR4+lFvrXnXuGA9JXEN1ikXizFiJZDbYkLUHl+1xMHKrWTGrw97Do9foIs9mMai07uiouF8tPyBGaoBRYeSIY1zQHkaKJFsQpL6P/3YFarZ5O4KxWK1Tl5e7Fe5MlCyKTdAQ3ZemhiC87pXNxXXNYWJne6XOgBwUFBVMJHYRhwvz/jzKFFKeGxc0aoNtefTJ4fG3CnFs0/wsC49wP713enQAAAABJRU5ErkJggg==', 15.00,1,10),
(10,'redvelvetcupcake','data:image/pngbase64,iVBORw0KGgoAAAANSUhEUgAAABAAAAAQCAYAAAAf8/9hAAAABGdBTUEAAK/INwWK6QAAABl0RVh0U29mdHdhcmUAQWRvYmUgSW1hZ2VSZWFkeXHJZTwAAAMvSURBVDjLXZNtSFNRGMcvgQQRfYsoCD/0waI3ikqzIoTojV6IgiwrtBejzGRlVGi1QaHZamZpaaalNnPWyjmNlrZ11dnyZc6luWauXNmWm267zvT68u+cSy3rwO/e5z7n+f/Puc+9hwHADFQwkwhigonwjjCZ5idCcjN+zxsIIX/yTL+SCSKkDTREfeVdWngb9jkNqq21iVW8juD+je6tagfrMx5zDbYnu0m9gTBbMHAWM0lew/5vw44K9NbH9DcqwrnUWhduNzhxv+W7AI1vsF1oUSz1e8wSP9dy+gfRNRGCGPsD5oLPlOx21MT064vCRzLqu1Fi6oGc/YwsZRsyStvwoLoLcuNX5L3R4oNqw9igvXTU8XyehWhDmE/ZzJqOnCmWutxF/jRtF4oN3VBqbei0e+Hycuj1DsDS7UWhphN5NTaUlElhkocNtedMaybaEKERiffLr519akZOrQ0KshodfR4PPn77jp8kpnDjwF11J7J0VlxUsDier78i9IBeorKbdGeemHH3hQXtZGX/yDg4vx+ZeflwEiPf0BCevnwN9qMHKYpW0FqqCRjsSmfdInkzrj4ywTnIo29oDMNk4rxYgiJlGc5ekkCjN8Ds4XEqywBaSzUBg20pL9yxuQaI843o5nhiMga7x4fL0uuCmDW2oncEaHTxiE+vB62lmoDBxotPdJEyLSSFTXhj9aCHvLTdx6NSV4cutxeOUaBEr4ToTjRib2zHnivrsSkp1hYwiDjzULxZ/BwJ9/RIVVjQSxrWxwO+MQKJS+seQ1IaA/X7TLT0aCB7dRy7ZQsRGjdTKhisis9aRmhbf6EcomwWVxUdMNr6wZF+cH4eMWmbUGZOR1l7hvCFpFVHIKs6Sg1+Bv71FUekR4+lFvrXnXuGA9JXEN1ikXizFiJZDbYkLUHl+1xMHKrWTGrw97Do9foIs9mMai07uiouF8tPyBGaoBRYeSIY1zQHkaKJFsQpL6P/3YFarZ5O4KxWK1Tl5e7Fe5MlCyKTdAQ3ZemhiC87pXNxXXNYWJne6XOgBwUFBVMJHYRhwvz/jzKFFKeGxc0aoNtefTJ4fG3CnFs0/wsC49wP713enQAAAABJRU5ErkJggg==',20.00,1,10),
(11,'vanilacupcake','data:image/pngbase64,iVBORw0KGgoAAAANSUhEUgAAABAAAAAQCAYAAAAf8/9hAAAABGdBTUEAAK/INwWK6QAAABl0RVh0U29mdHdhcmUAQWRvYmUgSW1hZ2VSZWFkeXHJZTwAAAMvSURBVDjLXZNtSFNRGMcvgQQRfYsoCD/0waI3ikqzIoTojV6IgiwrtBejzGRlVGi1QaHZamZpaaalNnPWyjmNlrZ11dnyZc6luWauXNmWm267zvT68u+cSy3rwO/e5z7n+f/Puc+9hwHADFQwkwhigonwjjCZ5idCcjN+zxsIIX/yTL+SCSKkDTREfeVdWngb9jkNqq21iVW8juD+je6tagfrMx5zDbYnu0m9gTBbMHAWM0lew/5vw44K9NbH9DcqwrnUWhduNzhxv+W7AI1vsF1oUSz1e8wSP9dy+gfRNRGCGPsD5oLPlOx21MT064vCRzLqu1Fi6oGc/YwsZRsyStvwoLoLcuNX5L3R4oNqw9igvXTU8XyehWhDmE/ZzJqOnCmWutxF/jRtF4oN3VBqbei0e+Hycuj1DsDS7UWhphN5NTaUlElhkocNtedMaybaEKERiffLr519akZOrQ0KshodfR4PPn77jp8kpnDjwF11J7J0VlxUsDier78i9IBeorKbdGeemHH3hQXtZGX/yDg4vx+ZeflwEiPf0BCevnwN9qMHKYpW0FqqCRjsSmfdInkzrj4ywTnIo29oDMNk4rxYgiJlGc5ekkCjN8Ds4XEqywBaSzUBg20pL9yxuQaI843o5nhiMga7x4fL0uuCmDW2oncEaHTxiE+vB62lmoDBxotPdJEyLSSFTXhj9aCHvLTdx6NSV4cutxeOUaBEr4ToTjRib2zHnivrsSkp1hYwiDjzULxZ/BwJ9/RIVVjQSxrWxwO+MQKJS+seQ1IaA/X7TLT0aCB7dRy7ZQsRGjdTKhisis9aRmhbf6EcomwWVxUdMNr6wZF+cH4eMWmbUGZOR1l7hvCFpFVHIKs6Sg1+Bv71FUekR4+lFvrXnXuGA9JXEN1ikXizFiJZDbYkLUHl+1xMHKrWTGrw97Do9foIs9mMai07uiouF8tPyBGaoBRYeSIY1zQHkaKJFsQpL6P/3YFarZ5O4KxWK1Tl5e7Fe5MlCyKTdAQ3ZemhiC87pXNxXXNYWJne6XOgBwUFBVMJHYRhwvz/jzKFFKeGxc0aoNtefTJ4fG3CnFs0/wsC49wP713enQAAAABJRU5ErkJggg==', 22.00,1,45),
(12,'chocolatecupcake','data:image/pngbase64,iVBORw0KGgoAAAANSUhEUgAAABAAAAAQCAYAAAAf8/9hAAAABGdBTUEAAK/INwWK6QAAABl0RVh0U29mdHdhcmUAQWRvYmUgSW1hZ2VSZWFkeXHJZTwAAAMvSURBVDjLXZNtSFNRGMcvgQQRfYsoCD/0waI3ikqzIoTojV6IgiwrtBejzGRlVGi1QaHZamZpaaalNnPWyjmNlrZ11dnyZc6luWauXNmWm267zvT68u+cSy3rwO/e5z7n+f/Puc+9hwHADFQwkwhigonwjjCZ5idCcjN+zxsIIX/yTL+SCSKkDTREfeVdWngb9jkNqq21iVW8juD+je6tagfrMx5zDbYnu0m9gTBbMHAWM0lew/5vw44K9NbH9DcqwrnUWhduNzhxv+W7AI1vsF1oUSz1e8wSP9dy+gfRNRGCGPsD5oLPlOx21MT064vCRzLqu1Fi6oGc/YwsZRsyStvwoLoLcuNX5L3R4oNqw9igvXTU8XyehWhDmE/ZzJqOnCmWutxF/jRtF4oN3VBqbei0e+Hycuj1DsDS7UWhphN5NTaUlElhkocNtedMaybaEKERiffLr519akZOrQ0KshodfR4PPn77jp8kpnDjwF11J7J0VlxUsDier78i9IBeorKbdGeemHH3hQXtZGX/yDg4vx+ZeflwEiPf0BCevnwN9qMHKYpW0FqqCRjsSmfdInkzrj4ywTnIo29oDMNk4rxYgiJlGc5ekkCjN8Ds4XEqywBaSzUBg20pL9yxuQaI843o5nhiMga7x4fL0uuCmDW2oncEaHTxiE+vB62lmoDBxotPdJEyLSSFTXhj9aCHvLTdx6NSV4cutxeOUaBEr4ToTjRib2zHnivrsSkp1hYwiDjzULxZ/BwJ9/RIVVjQSxrWxwO+MQKJS+seQ1IaA/X7TLT0aCB7dRy7ZQsRGjdTKhisis9aRmhbf6EcomwWVxUdMNr6wZF+cH4eMWmbUGZOR1l7hvCFpFVHIKs6Sg1+Bv71FUekR4+lFvrXnXuGA9JXEN1ikXizFiJZDbYkLUHl+1xMHKrWTGrw97Do9foIs9mMai07uiouF8tPyBGaoBRYeSIY1zQHkaKJFsQpL6P/3YFarZ5O4KxWK1Tl5e7Fe5MlCyKTdAQ3ZemhiC87pXNxXXNYWJne6XOgBwUFBVMJHYRhwvz/jzKFFKeGxc0aoNtefTJ4fG3CnFs0/wsC49wP713enQAAAABJRU5ErkJggg==',20.00,0,30),
(13,'berriescake','data:image/pngbase64,iVBORw0KGgoAAAANSUhEUgAAABAAAAAQCAYAAAAf8/9hAAAABGdBTUEAAK/INwWK6QAAABl0RVh0U29mdHdhcmUAQWRvYmUgSW1hZ2VSZWFkeXHJZTwAAAMvSURBVDjLXZNtSFNRGMcvgQQRfYsoCD/0waI3ikqzIoTojV6IgiwrtBejzGRlVGi1QaHZamZpaaalNnPWyjmNlrZ11dnyZc6luWauXNmWm267zvT68u+cSy3rwO/e5z7n+f/Puc+9hwHADFQwkwhigonwjjCZ5idCcjN+zxsIIX/yTL+SCSKkDTREfeVdWngb9jkNqq21iVW8juD+je6tagfrMx5zDbYnu0m9gTBbMHAWM0lew/5vw44K9NbH9DcqwrnUWhduNzhxv+W7AI1vsF1oUSz1e8wSP9dy+gfRNRGCGPsD5oLPlOx21MT064vCRzLqu1Fi6oGc/YwsZRsyStvwoLoLcuNX5L3R4oNqw9igvXTU8XyehWhDmE/ZzJqOnCmWutxF/jRtF4oN3VBqbei0e+Hycuj1DsDS7UWhphN5NTaUlElhkocNtedMaybaEKERiffLr519akZOrQ0KshodfR4PPn77jp8kpnDjwF11J7J0VlxUsDier78i9IBeorKbdGeemHH3hQXtZGX/yDg4vx+ZeflwEiPf0BCevnwN9qMHKYpW0FqqCRjsSmfdInkzrj4ywTnIo29oDMNk4rxYgiJlGc5ekkCjN8Ds4XEqywBaSzUBg20pL9yxuQaI843o5nhiMga7x4fL0uuCmDW2oncEaHTxiE+vB62lmoDBxotPdJEyLSSFTXhj9aCHvLTdx6NSV4cutxeOUaBEr4ToTjRib2zHnivrsSkp1hYwiDjzULxZ/BwJ9/RIVVjQSxrWxwO+MQKJS+seQ1IaA/X7TLT0aCB7dRy7ZQsRGjdTKhisis9aRmhbf6EcomwWVxUdMNr6wZF+cH4eMWmbUGZOR1l7hvCFpFVHIKs6Sg1+Bv71FUekR4+lFvrXnXuGA9JXEN1ikXizFiJZDbYkLUHl+1xMHKrWTGrw97Do9foIs9mMai07uiouF8tPyBGaoBRYeSIY1zQHkaKJFsQpL6P/3YFarZ5O4KxWK1Tl5e7Fe5MlCyKTdAQ3ZemhiC87pXNxXXNYWJne6XOgBwUFBVMJHYRhwvz/jzKFFKeGxc0aoNtefTJ4fG3CnFs0/wsC49wP713enQAAAABJRU5ErkJggg==', 10.00,0,35),
(14,'carrotcake','data:image/pngbase64,iVBORw0KGgoAAAANSUhEUgAAABAAAAAQCAYAAAAf8/9hAAAABGdBTUEAAK/INwWK6QAAABl0RVh0U29mdHdhcmUAQWRvYmUgSW1hZ2VSZWFkeXHJZTwAAAMvSURBVDjLXZNtSFNRGMcvgQQRfYsoCD/0waI3ikqzIoTojV6IgiwrtBejzGRlVGi1QaHZamZpaaalNnPWyjmNlrZ11dnyZc6luWauXNmWm267zvT68u+cSy3rwO/e5z7n+f/Puc+9hwHADFQwkwhigonwjjCZ5idCcjN+zxsIIX/yTL+SCSKkDTREfeVdWngb9jkNqq21iVW8juD+je6tagfrMx5zDbYnu0m9gTBbMHAWM0lew/5vw44K9NbH9DcqwrnUWhduNzhxv+W7AI1vsF1oUSz1e8wSP9dy+gfRNRGCGPsD5oLPlOx21MT064vCRzLqu1Fi6oGc/YwsZRsyStvwoLoLcuNX5L3R4oNqw9igvXTU8XyehWhDmE/ZzJqOnCmWutxF/jRtF4oN3VBqbei0e+Hycuj1DsDS7UWhphN5NTaUlElhkocNtedMaybaEKERiffLr519akZOrQ0KshodfR4PPn77jp8kpnDjwF11J7J0VlxUsDier78i9IBeorKbdGeemHH3hQXtZGX/yDg4vx+ZeflwEiPf0BCevnwN9qMHKYpW0FqqCRjsSmfdInkzrj4ywTnIo29oDMNk4rxYgiJlGc5ekkCjN8Ds4XEqywBaSzUBg20pL9yxuQaI843o5nhiMga7x4fL0uuCmDW2oncEaHTxiE+vB62lmoDBxotPdJEyLSSFTXhj9aCHvLTdx6NSV4cutxeOUaBEr4ToTjRib2zHnivrsSkp1hYwiDjzULxZ/BwJ9/RIVVjQSxrWxwO+MQKJS+seQ1IaA/X7TLT0aCB7dRy7ZQsRGjdTKhisis9aRmhbf6EcomwWVxUdMNr6wZF+cH4eMWmbUGZOR1l7hvCFpFVHIKs6Sg1+Bv71FUekR4+lFvrXnXuGA9JXEN1ikXizFiJZDbYkLUHl+1xMHKrWTGrw97Do9foIs9mMai07uiouF8tPyBGaoBRYeSIY1zQHkaKJFsQpL6P/3YFarZ5O4KxWK1Tl5e7Fe5MlCyKTdAQ3ZemhiC87pXNxXXNYWJne6XOgBwUFBVMJHYRhwvz/jzKFFKeGxc0aoNtefTJ4fG3CnFs0/wsC49wP713enQAAAABJRU5ErkJggg==', 20.00,0,30),
(15,'coconutcreamcake','data:image/pngbase64,iVBORw0KGgoAAAANSUhEUgAAABAAAAAQCAYAAAAf8/9hAAAABGdBTUEAAK/INwWK6QAAABl0RVh0U29mdHdhcmUAQWRvYmUgSW1hZ2VSZWFkeXHJZTwAAAMvSURBVDjLXZNtSFNRGMcvgQQRfYsoCD/0waI3ikqzIoTojV6IgiwrtBejzGRlVGi1QaHZamZpaaalNnPWyjmNlrZ11dnyZc6luWauXNmWm267zvT68u+cSy3rwO/e5z7n+f/Puc+9hwHADFQwkwhigonwjjCZ5idCcjN+zxsIIX/yTL+SCSKkDTREfeVdWngb9jkNqq21iVW8juD+je6tagfrMx5zDbYnu0m9gTBbMHAWM0lew/5vw44K9NbH9DcqwrnUWhduNzhxv+W7AI1vsF1oUSz1e8wSP9dy+gfRNRGCGPsD5oLPlOx21MT064vCRzLqu1Fi6oGc/YwsZRsyStvwoLoLcuNX5L3R4oNqw9igvXTU8XyehWhDmE/ZzJqOnCmWutxF/jRtF4oN3VBqbei0e+Hycuj1DsDS7UWhphN5NTaUlElhkocNtedMaybaEKERiffLr519akZOrQ0KshodfR4PPn77jp8kpnDjwF11J7J0VlxUsDier78i9IBeorKbdGeemHH3hQXtZGX/yDg4vx+ZeflwEiPf0BCevnwN9qMHKYpW0FqqCRjsSmfdInkzrj4ywTnIo29oDMNk4rxYgiJlGc5ekkCjN8Ds4XEqywBaSzUBg20pL9yxuQaI843o5nhiMga7x4fL0uuCmDW2oncEaHTxiE+vB62lmoDBxotPdJEyLSSFTXhj9aCHvLTdx6NSV4cutxeOUaBEr4ToTjRib2zHnivrsSkp1hYwiDjzULxZ/BwJ9/RIVVjQSxrWxwO+MQKJS+seQ1IaA/X7TLT0aCB7dRy7ZQsRGjdTKhisis9aRmhbf6EcomwWVxUdMNr6wZF+cH4eMWmbUGZOR1l7hvCFpFVHIKs6Sg1+Bv71FUekR4+lFvrXnXuGA9JXEN1ikXizFiJZDbYkLUHl+1xMHKrWTGrw97Do9foIs9mMai07uiouF8tPyBGaoBRYeSIY1zQHkaKJFsQpL6P/3YFarZ5O4KxWK1Tl5e7Fe5MlCyKTdAQ3ZemhiC87pXNxXXNYWJne6XOgBwUFBVMJHYRhwvz/jzKFFKeGxc0aoNtefTJ4fG3CnFs0/wsC49wP713enQAAAABJRU5ErkJggg==',25.00,1,20),
(16,'triplechocolatecake','data:image/pngbase64,iVBORw0KGgoAAAANSUhEUgAAABAAAAAQCAYAAAAf8/9hAAAABGdBTUEAAK/INwWK6QAAABl0RVh0U29mdHdhcmUAQWRvYmUgSW1hZ2VSZWFkeXHJZTwAAAMvSURBVDjLXZNtSFNRGMcvgQQRfYsoCD/0waI3ikqzIoTojV6IgiwrtBejzGRlVGi1QaHZamZpaaalNnPWyjmNlrZ11dnyZc6luWauXNmWm267zvT68u+cSy3rwO/e5z7n+f/Puc+9hwHADFQwkwhigonwjjCZ5idCcjN+zxsIIX/yTL+SCSKkDTREfeVdWngb9jkNqq21iVW8juD+je6tagfrMx5zDbYnu0m9gTBbMHAWM0lew/5vw44K9NbH9DcqwrnUWhduNzhxv+W7AI1vsF1oUSz1e8wSP9dy+gfRNRGCGPsD5oLPlOx21MT064vCRzLqu1Fi6oGc/YwsZRsyStvwoLoLcuNX5L3R4oNqw9igvXTU8XyehWhDmE/ZzJqOnCmWutxF/jRtF4oN3VBqbei0e+Hycuj1DsDS7UWhphN5NTaUlElhkocNtedMaybaEKERiffLr519akZOrQ0KshodfR4PPn77jp8kpnDjwF11J7J0VlxUsDier78i9IBeorKbdGeemHH3hQXtZGX/yDg4vx+ZeflwEiPf0BCevnwN9qMHKYpW0FqqCRjsSmfdInkzrj4ywTnIo29oDMNk4rxYgiJlGc5ekkCjN8Ds4XEqywBaSzUBg20pL9yxuQaI843o5nhiMga7x4fL0uuCmDW2oncEaHTxiE+vB62lmoDBxotPdJEyLSSFTXhj9aCHvLTdx6NSV4cutxeOUaBEr4ToTjRib2zHnivrsSkp1hYwiDjzULxZ/BwJ9/RIVVjQSxrWxwO+MQKJS+seQ1IaA/X7TLT0aCB7dRy7ZQsRGjdTKhisis9aRmhbf6EcomwWVxUdMNr6wZF+cH4eMWmbUGZOR1l7hvCFpFVHIKs6Sg1+Bv71FUekR4+lFvrXnXuGA9JXEN1ikXizFiJZDbYkLUHl+1xMHKrWTGrw97Do9foIs9mMai07uiouF8tPyBGaoBRYeSIY1zQHkaKJFsQpL6P/3YFarZ5O4KxWK1Tl5e7Fe5MlCyKTdAQ3ZemhiC87pXNxXXNYWJne6XOgBwUFBVMJHYRhwvz/jzKFFKeGxc0aoNtefTJ4fG3CnFs0/wsC49wP713enQAAAABJRU5ErkJggg==',50.00,1,10),
(17,'fruitgateaucake','data:image/pngbase64,iVBORw0KGgoAAAANSUhEUgAAABAAAAAQCAYAAAAf8/9hAAAABGdBTUEAAK/INwWK6QAAABl0RVh0U29mdHdhcmUAQWRvYmUgSW1hZ2VSZWFkeXHJZTwAAAMvSURBVDjLXZNtSFNRGMcvgQQRfYsoCD/0waI3ikqzIoTojV6IgiwrtBejzGRlVGi1QaHZamZpaaalNnPWyjmNlrZ11dnyZc6luWauXNmWm267zvT68u+cSy3rwO/e5z7n+f/Puc+9hwHADFQwkwhigonwjjCZ5idCcjN+zxsIIX/yTL+SCSKkDTREfeVdWngb9jkNqq21iVW8juD+je6tagfrMx5zDbYnu0m9gTBbMHAWM0lew/5vw44K9NbH9DcqwrnUWhduNzhxv+W7AI1vsF1oUSz1e8wSP9dy+gfRNRGCGPsD5oLPlOx21MT064vCRzLqu1Fi6oGc/YwsZRsyStvwoLoLcuNX5L3R4oNqw9igvXTU8XyehWhDmE/ZzJqOnCmWutxF/jRtF4oN3VBqbei0e+Hycuj1DsDS7UWhphN5NTaUlElhkocNtedMaybaEKERiffLr519akZOrQ0KshodfR4PPn77jp8kpnDjwF11J7J0VlxUsDier78i9IBeorKbdGeemHH3hQXtZGX/yDg4vx+ZeflwEiPf0BCevnwN9qMHKYpW0FqqCRjsSmfdInkzrj4ywTnIo29oDMNk4rxYgiJlGc5ekkCjN8Ds4XEqywBaSzUBg20pL9yxuQaI843o5nhiMga7x4fL0uuCmDW2oncEaHTxiE+vB62lmoDBxotPdJEyLSSFTXhj9aCHvLTdx6NSV4cutxeOUaBEr4ToTjRib2zHnivrsSkp1hYwiDjzULxZ/BwJ9/RIVVjQSxrWxwO+MQKJS+seQ1IaA/X7TLT0aCB7dRy7ZQsRGjdTKhisis9aRmhbf6EcomwWVxUdMNr6wZF+cH4eMWmbUGZOR1l7hvCFpFVHIKs6Sg1+Bv71FUekR4+lFvrXnXuGA9JXEN1ikXizFiJZDbYkLUHl+1xMHKrWTGrw97Do9foIs9mMai07uiouF8tPyBGaoBRYeSIY1zQHkaKJFsQpL6P/3YFarZ5O4KxWK1Tl5e7Fe5MlCyKTdAQ3ZemhiC87pXNxXXNYWJne6XOgBwUFBVMJHYRhwvz/jzKFFKeGxc0aoNtefTJ4fG3CnFs0/wsC49wP713enQAAAABJRU5ErkJggg==',20.00,1,50),
(18,'milkchocolatecake','data:image/pngbase64,iVBORw0KGgoAAAANSUhEUgAAABAAAAAQCAYAAAAf8/9hAAAABGdBTUEAAK/INwWK6QAAABl0RVh0U29mdHdhcmUAQWRvYmUgSW1hZ2VSZWFkeXHJZTwAAAMvSURBVDjLXZNtSFNRGMcvgQQRfYsoCD/0waI3ikqzIoTojV6IgiwrtBejzGRlVGi1QaHZamZpaaalNnPWyjmNlrZ11dnyZc6luWauXNmWm267zvT68u+cSy3rwO/e5z7n+f/Puc+9hwHADFQwkwhigonwjjCZ5idCcjN+zxsIIX/yTL+SCSKkDTREfeVdWngb9jkNqq21iVW8juD+je6tagfrMx5zDbYnu0m9gTBbMHAWM0lew/5vw44K9NbH9DcqwrnUWhduNzhxv+W7AI1vsF1oUSz1e8wSP9dy+gfRNRGCGPsD5oLPlOx21MT064vCRzLqu1Fi6oGc/YwsZRsyStvwoLoLcuNX5L3R4oNqw9igvXTU8XyehWhDmE/ZzJqOnCmWutxF/jRtF4oN3VBqbei0e+Hycuj1DsDS7UWhphN5NTaUlElhkocNtedMaybaEKERiffLr519akZOrQ0KshodfR4PPn77jp8kpnDjwF11J7J0VlxUsDier78i9IBeorKbdGeemHH3hQXtZGX/yDg4vx+ZeflwEiPf0BCevnwN9qMHKYpW0FqqCRjsSmfdInkzrj4ywTnIo29oDMNk4rxYgiJlGc5ekkCjN8Ds4XEqywBaSzUBg20pL9yxuQaI843o5nhiMga7x4fL0uuCmDW2oncEaHTxiE+vB62lmoDBxotPdJEyLSSFTXhj9aCHvLTdx6NSV4cutxeOUaBEr4ToTjRib2zHnivrsSkp1hYwiDjzULxZ/BwJ9/RIVVjQSxrWxwO+MQKJS+seQ1IaA/X7TLT0aCB7dRy7ZQsRGjdTKhisis9aRmhbf6EcomwWVxUdMNr6wZF+cH4eMWmbUGZOR1l7hvCFpFVHIKs6Sg1+Bv71FUekR4+lFvrXnXuGA9JXEN1ikXizFiJZDbYkLUHl+1xMHKrWTGrw97Do9foIs9mMai07uiouF8tPyBGaoBRYeSIY1zQHkaKJFsQpL6P/3YFarZ5O4KxWK1Tl5e7Fe5MlCyKTdAQ3ZemhiC87pXNxXXNYWJne6XOgBwUFBVMJHYRhwvz/jzKFFKeGxc0aoNtefTJ4fG3CnFs0/wsC49wP713enQAAAABJRU5ErkJggg==', 30.00,1,40),
(19,'candycake','data:image/pngbase64,iVBORw0KGgoAAAANSUhEUgAAABAAAAAQCAYAAAAf8/9hAAAABGdBTUEAAK/INwWK6QAAABl0RVh0U29mdHdhcmUAQWRvYmUgSW1hZ2VSZWFkeXHJZTwAAAMvSURBVDjLXZNtSFNRGMcvgQQRfYsoCD/0waI3ikqzIoTojV6IgiwrtBejzGRlVGi1QaHZamZpaaalNnPWyjmNlrZ11dnyZc6luWauXNmWm267zvT68u+cSy3rwO/e5z7n+f/Puc+9hwHADFQwkwhigonwjjCZ5idCcjN+zxsIIX/yTL+SCSKkDTREfeVdWngb9jkNqq21iVW8juD+je6tagfrMx5zDbYnu0m9gTBbMHAWM0lew/5vw44K9NbH9DcqwrnUWhduNzhxv+W7AI1vsF1oUSz1e8wSP9dy+gfRNRGCGPsD5oLPlOx21MT064vCRzLqu1Fi6oGc/YwsZRsyStvwoLoLcuNX5L3R4oNqw9igvXTU8XyehWhDmE/ZzJqOnCmWutxF/jRtF4oN3VBqbei0e+Hycuj1DsDS7UWhphN5NTaUlElhkocNtedMaybaEKERiffLr519akZOrQ0KshodfR4PPn77jp8kpnDjwF11J7J0VlxUsDier78i9IBeorKbdGeemHH3hQXtZGX/yDg4vx+ZeflwEiPf0BCevnwN9qMHKYpW0FqqCRjsSmfdInkzrj4ywTnIo29oDMNk4rxYgiJlGc5ekkCjN8Ds4XEqywBaSzUBg20pL9yxuQaI843o5nhiMga7x4fL0uuCmDW2oncEaHTxiE+vB62lmoDBxotPdJEyLSSFTXhj9aCHvLTdx6NSV4cutxeOUaBEr4ToTjRib2zHnivrsSkp1hYwiDjzULxZ/BwJ9/RIVVjQSxrWxwO+MQKJS+seQ1IaA/X7TLT0aCB7dRy7ZQsRGjdTKhisis9aRmhbf6EcomwWVxUdMNr6wZF+cH4eMWmbUGZOR1l7hvCFpFVHIKs6Sg1+Bv71FUekR4+lFvrXnXuGA9JXEN1ikXizFiJZDbYkLUHl+1xMHKrWTGrw97Do9foIs9mMai07uiouF8tPyBGaoBRYeSIY1zQHkaKJFsQpL6P/3YFarZ5O4KxWK1Tl5e7Fe5MlCyKTdAQ3ZemhiC87pXNxXXNYWJne6XOgBwUFBVMJHYRhwvz/jzKFFKeGxc0aoNtefTJ4fG3CnFs0/wsC49wP713enQAAAABJRU5ErkJggg==', 20.00,1,30),
(20,'gulabjamuncake','data:image/pngbase64,iVBORw0KGgoAAAANSUhEUgAAABAAAAAQCAYAAAAf8/9hAAAABGdBTUEAAK/INwWK6QAAABl0RVh0U29mdHdhcmUAQWRvYmUgSW1hZ2VSZWFkeXHJZTwAAAMvSURBVDjLXZNtSFNRGMcvgQQRfYsoCD/0waI3ikqzIoTojV6IgiwrtBejzGRlVGi1QaHZamZpaaalNnPWyjmNlrZ11dnyZc6luWauXNmWm267zvT68u+cSy3rwO/e5z7n+f/Puc+9hwHADFQwkwhigonwjjCZ5idCcjN+zxsIIX/yTL+SCSKkDTREfeVdWngb9jkNqq21iVW8juD+je6tagfrMx5zDbYnu0m9gTBbMHAWM0lew/5vw44K9NbH9DcqwrnUWhduNzhxv+W7AI1vsF1oUSz1e8wSP9dy+gfRNRGCGPsD5oLPlOx21MT064vCRzLqu1Fi6oGc/YwsZRsyStvwoLoLcuNX5L3R4oNqw9igvXTU8XyehWhDmE/ZzJqOnCmWutxF/jRtF4oN3VBqbei0e+Hycuj1DsDS7UWhphN5NTaUlElhkocNtedMaybaEKERiffLr519akZOrQ0KshodfR4PPn77jp8kpnDjwF11J7J0VlxUsDier78i9IBeorKbdGeemHH3hQXtZGX/yDg4vx+ZeflwEiPf0BCevnwN9qMHKYpW0FqqCRjsSmfdInkzrj4ywTnIo29oDMNk4rxYgiJlGc5ekkCjN8Ds4XEqywBaSzUBg20pL9yxuQaI843o5nhiMga7x4fL0uuCmDW2oncEaHTxiE+vB62lmoDBxotPdJEyLSSFTXhj9aCHvLTdx6NSV4cutxeOUaBEr4ToTjRib2zHnivrsSkp1hYwiDjzULxZ/BwJ9/RIVVjQSxrWxwO+MQKJS+seQ1IaA/X7TLT0aCB7dRy7ZQsRGjdTKhisis9aRmhbf6EcomwWVxUdMNr6wZF+cH4eMWmbUGZOR1l7hvCFpFVHIKs6Sg1+Bv71FUekR4+lFvrXnXuGA9JXEN1ikXizFiJZDbYkLUHl+1xMHKrWTGrw97Do9foIs9mMai07uiouF8tPyBGaoBRYeSIY1zQHkaKJFsQpL6P/3YFarZ5O4KxWK1Tl5e7Fe5MlCyKTdAQ3ZemhiC87pXNxXXNYWJne6XOgBwUFBVMJHYRhwvz/jzKFFKeGxc0aoNtefTJ4fG3CnFs0/wsC49wP713enQAAAABJRU5ErkJggg==', 35.00,1,20)
GO
/****** Object:  StoredProcedure [dbo].[sp_createInvoice]    Script Date: 2019-04-07 11:05:10 AM ******/
SET ANSI_NULLS ON
GO
SET QUOTED_IDENTIFIER ON
GO
CREATE PROC [dbo].[sp_createInvoice] (@order_id int)
 AS
SELECT ol.[id],ol.[product_id],
title AS product_name,
(p.price + COALESCE( v_olcp.price, 0)) * quantity AS total_price, 
[quantity],[gift_wrap],[order_id],[details]
  FROM [dbo].[OrderLine] ol JOIN Product p 
  ON p.id = ol.product_id LEFT JOIN v_OrderLineCustomizationPrice v_olcp
ON ol.id = v_olcp.orderline_id
WHERE [order_id] = @order_id
GO
/****** Object:  StoredProcedure [dbo].[sp_getAverageRatingForAProduct]    Script Date: 2019-04-07 11:05:10 AM ******/
SET ANSI_NULLS ON
GO
SET QUOTED_IDENTIFIER ON
GO
CREATE PROC [dbo].[sp_getAverageRatingForAProduct] (@prodId int)
AS
SELECT p.title, AVG(rating) as average_rating FROM Feedback f JOIN OrderLine ol 
ON f.order_line_id = ol.id
JOIN Product p ON p.id = ol.product_id
where p.id = @prodId
GROUP BY p.title

GO
/****** Object:  StoredProcedure [dbo].[sp_getCurrentStatusForAnOrder]    Script Date: 2019-04-07 11:05:10 AM ******/
SET ANSI_NULLS ON
GO
SET QUOTED_IDENTIFIER ON
GO
CREATE PROC [dbo].[sp_getCurrentStatusForAnOrder] (@orderId int) 

AS

SELECT TOP 1 order_id, [status] FROM OrderStatus ORDER BY updated_at DESC;

GO
/****** Object:  StoredProcedure [dbo].[sp_getMoneyMadeInDateRange]    Script Date: 2019-04-07 11:05:10 AM ******/
SET ANSI_NULLS ON
GO
SET QUOTED_IDENTIFIER ON
GO
CREATE PROC [dbo].[sp_getMoneyMadeInDateRange](@start datetime, @end datetime)
AS

SELECT @start As start_date, @end As end_date,
SUM((p.price + COALESCE( v_olcp.price, 0)) * quantity) AS money_made
  FROM [dbo].[OrderLine] ol JOIN Product p 
  ON p.id = ol.product_id LEFT JOIN v_OrderLineCustomizationPrice v_olcp
ON ol.id = v_olcp.orderline_id WHERE ol.order_id IN (SELECT id FROM [Order] WHERE order_date BETWEEN @start AND @end)
GO
/****** Object:  StoredProcedure [dbo].[sp_MostSoldProduct]    Script Date: 2019-04-07 11:05:10 AM ******/
SET ANSI_NULLS ON
GO
SET QUOTED_IDENTIFIER ON
GO
CREATE PROC [dbo].[sp_MostSoldProduct]
AS
SELECT TOP 1 id, Product, Quantity FROM v_ProductQuatitySold ORDER BY Quantity DESC
GO
USE [master]
GO
ALTER DATABASE [OOMSDB] SET  READ_WRITE 
GO
